firm,firmsize,treated,shrimp1,shrimp2,shrimp3,shrimp4,shrimp5,shrimp6,shrimp7,shrimp8,shrimp9,shrimp10,shrimp11,shrimp12,shrimp13,shrimp14,shrimp15,shrimp16,shrimp17,shrimp18,shrimp19,shrimp20,shrimp21,shrimp22,shrimp23,shrimp24,salmon1,salmon2,salmon3,salmon4,salmon5,salmon6,salmon7,salmon8,salmon9,salmon10,salmon11,salmon12,salmon13,salmon14,salmon15,salmon16,salmon17,salmon18,salmon19,salmon20,salmon21,salmon22,salmon23,salmon24,bycatch1,bycatch2,bycatch3,bycatch4,bycatch5,bycatch6,bycatch7,bycatch8,bycatch9,bycatch10,bycatch11,bycatch12,bycatch13,bycatch14,bycatch15,bycatch16,bycatch17,bycatch18,bycatch19,bycatch20,bycatch21,bycatch22,bycatch23,bycatch24
1,15,0,141549.7395,134325.0738,139408.537,137089.6406,139124.9642,138326.7015,143985.959,141767.6553,136637.219,134412.7452,139975.1633,133200.0708,141131.1517,141069.7945,143796.9423,135799.3406,142769.5117,140787.7491,145690.8015,137487.9743,144010.8231,139557.9517,145642.8895,143973.6944,233920.1062,234200.4256,234390.0377,233701.9796,233756.4492,234638.3936,233787.713,234666.5643,234993.4113,234892.2786,235182.4824,235217.5696,235147.4886,235772.2102,235340.8595,235780.7995,235496.8303,236267.6696,235710.93,236922.6388,236684.2096,236468.8858,237427.6786,236743.6868,258590.7541,251499.3914,256656.9993,253999.2688,256069.2812,255716.069,260952.7866,259168.5097,254205.393,251924.567,257627.4711,250882.7512,258765.3717,259029.5482,261532.1161,253762.4947,260595.6145,258999.0058,263622.1027,256028.317,262420.461,257854.1244,264424.395,262402.5444
2,4,0,31602.93585,33156.70956,30269.22623,31556.50802,32358.86557,32991.73093,33857.46406,33865.99125,32241.8199,31730.96113,32272.94036,32886.71473,32819.12201,34095.24262,32956.72946,33391.00967,33485.02441,31787.66857,32657.78171,33475.01297,31538.43518,33740.53477,35711.05891,34460.25861,62081.67581,62242.50398,62019.60526,62238.18,62262.38468,62334.74832,62470.75832,62616.30827,62584.58528,62714.37939,62783.95919,62752.25861,62535.68347,63047.52275,62860.19857,63045.94551,62892.12294,62958.3424,63180.27867,63091.38962,63499.98813,63339.34998,63477.87362,63363.22517,62770.88331,64408.28858,61419.54369,62815.44033,63606.64229,64309.02582,65224.63496,65325.52482,63675.70122,63217.43691,63806.61444,64400.0164,64229.49303,65756.2692,64523.37574,65037.68517,65055.48337,63394.07315,64377.25271,65145.16751,63435.46763,65534.71309,67586.05277,66276.71836
3,13,0,120138.5793,116622.9834,116040.8186,109120.5628,112038.8945,118470.7475,121278.7829,114131.4852,119539.2382,116251.2286,118662.8909,115319.9756,113535.0119,117539.3645,115158.2597,118456.8925,118379.4207,115575.3147,112674.2975,114789.7783,116854.5476,119698.7013,122320.3662,118534.6948,190780.3863,191146.1564,190901.1767,192107.7121,191614.8974,192376.4588,191571.5401,192463.9159,192312.1614,192190.0571,192616.9714,192723.2705,192189.571,193170.4362,192561.0002,193439.9539,193302.0378,193783.4007,193088.5506,193548.48,193774.6212,194264.6124,193508.318,193532.0857,215556.6446,212237.8507,211510.8971,205195.2066,207865.0931,214678.0558,217092.7127,210367.0794,215721.3339,212354.3419,215005.3218,211708.5373,209667.8867,214149.5385,211475.2759,215215.7119,215052.6521,212491.7428,209245.1506,211594.0123,213787.2981,216854.2356,219106.4979,215331.2428
4,7,1,63118.1916,63648.39968,61308.8597,64191.59544,63379.16382,62006.24926,62633.67943,60970.52432,65450.73839,63441.6179,64455.09289,62989.30933,63810.1323,64965.32881,62194.84308,64957.48138,65736.21248,62944.5248,64001.52163,65010.08365,65314.97616,65462.31894,63405.78053,67843.74511,105396.0086,105261.5386,105339.4299,105713.5376,105545.3483,105936.246,106043.5656,106143.9996,106194.3977,106237.8907,106548.5601,106425.0498,106340.5221,106539.6326,106889.2905,106970.8464,106865.4973,107056.1102,106758.7735,106785.0397,106889.5558,106976.2606,107483.1768,107272.4834,115988.9451,116428.6451,114153.4661,117219.4804,116306.2963,115138.9486,115814.0689,114222.2188,118724.9744,116734.5467,117921.1136,116380.188,117148.6228,118401.7258,115808.1066,118627.0708,119334.4213,116645.2394,117543.9748,118585.117,118935.6338,119116.9653,117299.8573,121644.6741
5,13,1,69647.19633,69514.57505,70000.00115,75534.04074,73081.7359,64801.10217,69407.59789,64475.86181,66405.29137,72572.57748,63950.10471,71792.0892,66401.93008,76010.21729,73420.51195,76642.71893,71649.3365,74910.40458,77192.9283,69277.8253,71096.00723,72567.66042,71315.84209,73955.95186,201627.1642,201824.2249,201316.5021,202148.6127,201986.0346,202643.5087,202419.968,202817.6764,202809.9531,202219.3208,203704.9209,202822.3338,203580.64,203908.7654,203810.0048,203607.3341,204148.3762,204212.7826,204683.2886,204372.5308,204462.5694,205339.1603,204851.2696,204801.4904,170494.089,170437.2108,170705.0019,176645.4121,174117.0887,166170.5966,170640.9073,165922.9602,167844.4802,173716.5831,165843.5559,173246.7215,168197.8157,177988.2651,175358.5114,178486.3941,173754.1545,177044.3159,179561.339,171491.2002,173365.4955,175270.5257,173767.8884,176373.8641
6,14,0,88901.95587,91455.33333,95370.85934,93487.9579,87395.86781,89603.2722,90996.56582,84759.82434,88511.03434,92859.86276,86318.45217,92956.8644,95779.60401,91536.75219,90562.5762,92218.8678,94711.28883,88564.91378,90971.15927,90465.1006,92966.80118,94418.97744,93207.99873,94765.6406,210430.1943,209047.3762,209296.622,210000.0514,209346.1118,210113.3214,210356.852,209951.8596,210972.7508,210905.0469,210361.6714,210632.9497,210387.4154,211177.3609,210682.6116,211440.4331,211479.099,211838.2595,211945.7036,211943.4544,211741.1667,211936.6817,211546.7757,211852.8122,194163.0529,196038.1578,200065.8414,198539.6922,192109.0658,194740.8773,196226.0849,189792.132,194045.428,198367.5752,191568.5905,198324.439,201030.6583,197188.9503,195962.4717,198006.3779,200506.9575,194523.4941,197002.5233,196492.2071,198895.0286,200456.0385,199034.8144,200758.4964
7,2,0,12648.48014,12699.61429,12794.63298,12741.78214,12552.55239,13100.31698,13296.09493,12119.60318,13256.70114,13660.52016,13167.08317,13127.32204,13690.39656,12688.56831,13099.03782,13358.4928,13681.66339,13401.17312,13019.70473,14556.43273,13278.19681,14148.55897,12977.67226,13169.82311,30503.70925,30457.62277,30614.82015,30559.1576,30735.11236,30667.29078,30723.02573,30694.47449,30787.01323,30688.38206,30797.90537,30750.76656,30826.87317,30986.13417,30871.80986,30895.66744,30903.44674,30903.37236,30935.63839,30956.8765,31030.97053,30995.38963,31109.09116,31072.5069,28049.70699,28091.39944,28256.93158,28169.76813,28073.09332,28611.58178,28817.3854,27621.03807,28802.69388,29162.94352,28732.31169,28674.37909,29255.75364,28346.2008,28688.72461,28970.33538,29292.7188,29010.99575,28639.41756,30191.60509,28954.44779,29811.72373,28692.83772,28850.41617
8,11,0,72608.97155,77897.62651,75125.42907,72040.06356,76967.34631,78474.05031,75937.96102,79053.73876,72232.86222,77313.35544,82791.84622,80093.51773,76702.64872,75772.04227,75215.74721,74512.05162,76099.67524,79192.13763,78296.42495,80574.18826,76676.10232,79222.28127,78728.94565,75895.28682,169786.4398,170294.0664,170286.5388,170801.1749,170954.6691,171174.6487,171545.9042,170726.3003,172024.8351,171362.7834,172339.3906,171917.4702,172044.0527,171845.0041,171911.1968,172166.2083,171851.6032,172110.5325,173317.335,172562.6086,172962.1279,173503.3574,173075.8083,173372.0242,157603.6674,163129.683,160360.3148,157545.1356,162551.7341,164159.2381,161816.9103,164515.9054,158355.6021,163104.4893,169072.6452,166146.1125,162840.9051,161790.0141,161255.0199,160701.0119,162123.2673,165350.8416,165068.5188,166954.1317,163267.8829,166085.9723,165350.3016,162683.1262
9,9,1,64671.16853,69222.38307,67323.56854,66234.56914,69354.24115,69170.64545,66802.05335,70209.93268,65849.41799,69840.06844,70559.1216,69617.93616,69324.68213,68266.00902,71595.13006,67941.62819,72167.91458,69025.96645,71336.98481,71532.09699,67869.5077,70751.79807,67870.52706,72149.25283,138541.2114,138388.4072,138048.9496,138363.6643,138636.4124,138775.6206,138852.9351,138889.0146,139295.5128,139258.2625,139262.9118,139814.424,139280.7216,139909.4561,139546.6948,139778.7977,140099.5789,140250.1988,140271.5416,140315.1028,140239.2128,140326.8057,140445.4332,140228.6816,134030.2319,138514.4764,136432.9423,135507.7569,138763.9818,138654.0547,136333.8853,139757.1485,135592.5083,139549.9844,140307.8643,139606.8188,139046.9277,138300.7459,141459.2394,137907.8736,142312.395,139245.1223,141559.1627,141784.8288,138084.1254,141003.8797,138201.6369,142359.6669
10,11,1,71602.74432,69545.46989,70278.49153,66298.06901,69024.95139,70025.10313,69180.63961,67477.98015,63259.58784,69323.8829,71654.65334,72760.97,70042.51109,73955.6689,68937.77142,73913.54926,71745.54559,69579.8053,74052.8671,73746.8675,74807.66899,77222.5433,69937.92059,73453.72629,167131.2002,167529.0818,167189.6191,167890.6209,168543.028,168244.655,168218.5224,169029.0033,168163.4059,168120.5141,168291.3965,168812.5907,168704.1177,168588.5083,169374.9379,169654.6527,169220.7712,169990.4757,169146.2527,169987.7191,169882.6565,170224.7524,170237.4916,170583.531,155295.6789,153424.9113,154006.1813,150382.0357,153423.8015,154263.6011,153404.7242,152127.9563,147463.3155,153505.1925,155924.5474,157265.0648,154510.2694,158363.4208,153745.4441,158875.0323,156476.7742,154697.0237,158740.6625,158850.351,159868.0313,162460.2954,155179.5646,158874.859
11,7,0,46207.28508,46824.22909,46068.53127,48141.12687,48272.99019,46219.40213,46036.06487,48922.51049,46136.98408,47125.40873,48840.75639,47951.45722,47394.47818,50382.03625,49866.69566,45070.46068,48139.0319,48482.8708,48894.95989,49669.85693,51453.1509,47365.18154,47384.15408,48209.76906,104455.3867,104452.2179,104672.5615,104322.1486,104781.2444,104937.0748,104668.2711,104973.8839,104918.2741,105081.8034,104825.08,104918.2669,105068.5515,105103.9713,105233.0823,105084.5477,105236.1727,105202.6218,104913.6713,105199.7284,105554.5723,105657.145,105797.0845,106050.5811,98555.18495,99192.76867,98535.23669,100427.64,100793.9131,98822.11793,98491.36395,101546.5986,98743.86512,99795.55101,101386.2986,100525.7382,100056.8051,103074.5375,102621.4273,97746.7421,100883.2854,101211.0875,101480.8733,102387.6604,104372.7007,100345.9461,100411.3129,101389.0552
12,15,1,123564.2896,124225.647,118748.7551,123754.0098,125824.8593,122982.6415,116117.7642,125914.3627,118883.1806,122957.2334,130948.7883,121749.5857,129449.6309,117961.9119,127937.2408,123169.0506,120847.0986,128202.3389,128415.3752,124307.5462,127415.5615,127428.8039,128137.8121,128468.6953,218311.7725,218587.3334,218513.3319,218659.5993,218562.7765,219626.3894,219155.1481,219289.8082,219949.111,220054.1042,220163.8799,220215.02,220130.5019,219681.198,220562.9838,220642.1916,221097.0525,221301.2778,221796.5089,221205.9358,221069.4297,221764.6888,220669.0191,222223.7313,232878.0811,233663.6646,228135.8177,233231.7955,235263.5061,232931.9137,225851.1494,235712.8917,228990.5403,233115.5951,241175.7654,231997.2491,239659.9538,227954.1104,238381.1203,233629.1097,231542.4488,238985.2708,239456.6937,235050.542,238099.2875,238456.0013,238610.5032,239712.8658
13,11,1,94761.52528,92556.41471,92119.71886,94011.27574,91012.56639,92454.13107,89620.75092,93339.06388,91903.53929,87164.75256,95105.44724,93443.71411,95806.80516,95242.2156,92347.76573,93894.43629,92338.50633,93324.48473,93366.22029,96356.07293,93939.51039,95771.25885,93871.4414,97131.29771,174117.8959,174215.8391,174442.7332,174614.3101,174039.6767,174747.6942,174670.4835,175519.4144,174943.4319,175271.3301,175267.4944,175405.0774,175678.3741,176444.2765,175323.6249,176501.5037,175604.9594,176003.3231,176767.4783,176525.5192,177013.1005,176855.4526,177058.533,177348.5734,182008.4103,179857.4729,179528.2442,181511.7257,178244.9418,180016.3894,177138.1395,181315.1782,179569.0552,174998.1829,182962.7121,181344.783,183847.6417,183647.116,180223.548,182329.0148,180354.1645,181518.0224,181947.282,184818.0439,182651.4102,184414.8728,182604.4436,185983.0413
14,5,1,37066.67584,35554.92917,36516.65833,34908.24594,34900.46661,37698.97326,34054.73184,36225.83035,35137.7321,36243.4647,37192.40453,38311.83765,38838.05833,36833.50436,36745.82542,37940.47652,38595.90424,38459.07417,36242.49902,39055.66642,36297.29767,38507.56692,39592.06115,37762.28583,76733.55223,76484.83365,76648.55226,76690.88645,76711.08089,77084.83931,77018.9349,76981.11359,77183.54747,76997.64112,76918.94079,77237.03959,77377.21445,77337.24478,77479.44765,77302.63393,77083.09678,77403.63222,77344.94,77583.89296,77788.98017,77717.58249,77598.25365,77762.95569,75591.73855,73977.30032,75007.34097,73402.07156,73426.90133,76393.73971,72718.30413,74883.17529,73893.33839,74889.99689,75822.78943,77090.18713,77694.46038,75663.87233,75655.60616,76762.25089,77299.89246,77315.90263,75091.3319,78011.93616,75341.92195,77543.12463,78547.05465,76793.94531
15,9,1,56484.29033,54197.27376,57093.68724,54135.75219,53402.25641,56606.48511,57556.5558,55869.82499,57658.47146,53650.8616,58298.88841,53557.11162,59748.13545,56808.83149,58450.67456,59060.3612,60018.88223,58881.97544,58639.68048,61192.58802,58133.27803,60088.75052,56245.38728,60336.12646,136325.0757,136013.8398,136261.9605,136735.6925,136789.797,137296.6787,137215.1008,137959.4953,137085.2276,137536.4033,137654.7882,137868.142,137655.7743,138071.8998,137911.9967,138057.9941,138202.2796,138628.986,138394.7111,138171.8276,138528.0161,138897.9651,139373.0963,139314.3562,124725.7392,122304.5436,125324.0194,122576.8985,121890.3775,125337.4584,126271.3733,124936.8484,126289.9673,122519.1349,127216.0569,122549.7513,128655.6195,125925.6943,127496.7482,128175.2333,129215.2757,128274.5415,127937.5136,130359.2725,127477.9119,129650.7018,126035.3638,130100.4946
16,14,1,115373.6058,112993.9732,111442.4517,107961.6127,110009.7944,110540.8045,110632.0727,111975.9503,108551.8688,112043.1281,119041.0376,112695.1366,112163.3008,120054.5723,116188.9187,114761.4416,113585.2875,117912.6945,113888.9496,113636.7469,116006.626,116252.2887,121087.0213,118254.6956,207539.8448,207039.9482,207270.4151,208147.7307,207225.3579,208305.4395,208395.3046,208590.5073,208792.9366,208145.255,208422.1823,209030.9501,209590.8724,210210.8797,209332.9122,209647.3502,209967.2749,210116.6582,210092.429,210315.3836,210471.1456,210447.7959,211093.2315,211339.2284,219283.289,216659.937,215223.383,212207.7692,213774.5771,214854.7707,214987.725,216408.8837,213085.9246,216264.2519,223377.6496,217353.5772,217104.0879,225301.6877,221010.4286,219723.7436,218718.5798,223131.7247,219079.9569,218938.9047,221390.0261,221640.9096,226778.7161,224077.4906
17,10,1,84898.35719,79015.51549,81720.04102,82360.25282,83159.15373,77582.61094,84416.17621,79835.98382,79617.17104,87713.3396,81657.44385,80350.15653,79862.93685,82070.59061,84951.83325,83613.21199,87358.3517,85843.2954,86418.41669,84001.87418,87561.4661,89325.82376,84029.68404,84461.41241,155863.0411,155508.4049,155352.7634,155849.64,155921.1874,156304.609,156014.1116,156353.1292,156298.7261,156766.0013,156944.602,156788.9052,156789.5578,157427.8365,156910.9209,157057.3186,157388.0051,157024.042,157741.2972,157734.718,157995.0393,157180.3262,158120.0403,157776.3589,162919.7617,156872.9697,159499.6151,160365.5428,161227.0511,155849.7504,162521.3435,158111.7122,157876.1471,166192.6647,160224.9337,158832.7746,158351.4587,160892.1601,163510.0984,162242.1145,166153.7751,164459.4434,165401.1256,162971.9357,166667.3929,168029.778,163206.1598,163463.7764
18,1,0,6970.261602,6724.335312,7269.82268,6984.054863,7289.479309,6613.382342,7372.341047,7033.653073,7123.492276,7040.595651,6721.582891,7107.415927,7223.635718,6893.155757,6877.457017,7294.879343,6763.043735,7303.6186,7486.495672,7257.552037,7172.885185,7303.274812,6991.798127,7212.43413,14958.69757,14925.08683,14921.7632,14961.42771,15002.41554,14962.92566,15090.28997,15055.7373,15060.51642,15036.91825,15090.47071,15085.61914,15032.22077,15170.51407,15158.53281,15144.94719,15087.44182,15183.11331,15207.1279,15224.04026,15257.94228,15265.52893,15367.07818,15203.90151,14606.63574,14358.77061,14890.37445,14649.83351,14973.87841,14268.18085,15097.64075,14727.50766,14825.11313,14736.3993,14446.46382,14814.93114,14899.14167,14635.23644,14615.66353,15040.72322,14478.22621,15073.54873,15263.65045,15026.39723,14961.55654,15093.43664,14833.12657,14984.0885
19,10,1,88075.33435,88272.39447,86869.99964,89669.39244,89096.20214,90987.52222,90470.22753,89093.77981,84875.47176,89394.40344,87264.39081,88992.62919,88509.45997,86733.25485,91033.32634,89256.70521,93303.0569,89036.02732,88587.63934,93033.79272,89159.25645,90346.23532,89444.41363,88706.10719,152530.0832,152701.5816,152647.6822,152608.5048,153024.8785,152972.1221,153595.9174,153168.6786,153933.5287,152634.4875,153252.2117,153532.9221,153376.5696,153927.8414,153891.6765,154061.8954,153371.5259,154432.4207,153813.1068,154177.9183,154175.4923,153964.0749,154507.378,154621.0438,164496.5842,164789.6941,163341.2709,166131.6724,165762.153,167624.426,167427.2272,165811.8408,161993.0657,165859.399,164049.6622,165915.5676,165356.6422,163856.2286,168146.2147,166439.5381,170151.3317,166408.7519,165642.0728,170276.4121,166405.5294,167486.1159,166851.9345,166179.086
20,23,1,221300.8115,220423.6612,219243.284,217150.5639,220265.9792,223159.2553,218781.0103,221726.2171,227934.2708,221386.8093,227566.1973,224669.1086,230422.4727,227837.2972,224175.9146,235758.4193,229520.5403,229703.9454,224175.8151,225387.8335,228175.0935,227407.1198,226706.5098,228937.7824,336241.4233,337081.98,336543.9564,336302.9625,337510.2558,337988.2977,337040.2698,340001.1704,338323.616,339327.5464,338981.4496,339233.6394,338651.2301,339773.871,339371.2818,339915.9158,339326.5175,340375.8852,339956.0064,340757.9573,339637.8708,341273.9082,340949.2978,341438.7285,389526.3711,389042.5991,387596.1411,385396.5914,389134.7764,392256.9876,387394.1824,391833.7161,397196.0279,391158.604,397151.754,394401.8558,399845.9529,397830.5763,393962.0583,405813.8163,399292.2839,399993.8532,394258.59,395850.2247,398102.9535,398141.63,397273.7132,399759.7313
21,1,1,10782.80064,10427.24951,9858.698368,10035.85038,10103.4449,10309.21225,10203.60795,10368.83373,9939.428705,10473.1529,10230.17805,10766.14875,10442.63357,10526.25816,10433.02407,10535.16685,10608.5704,10032.67426,10067.71806,10621.91065,10594.91044,10587.14957,10703.54399,10401.69485,15055.58373,15096.81522,15135.94392,15153.76468,15150.21124,15122.05315,15097.16797,15148.68848,15127.94246,15124.27199,15182.90852,15213.57741,15142.45184,15210.9892,15171.72319,15236.06594,15229.97839,15209.4647,15200.61118,15230.50551,15207.84435,15209.61292,15177.03191,15240.93652,18340.44545,18025.06125,17446.12341,17662.51253,17725.56378,17914.55361,17802.12783,17998.0451,17540.16869,18070.32784,17854.62561,18406.40995,18063.83758,18159.47057,18051.35632,18201.22719,18259.96941,17686.89065,17721.98467,18276.27831,18233.77659,18225.18405,18328.80795,18047.41614
22,7,1,59874.14469,59300.4006,58297.91582,58717.42793,57066.29631,59327.32836,61443.93591,60272.18242,60399.01835,56131.79794,60964.59123,59024.22567,58612.70273,60048.03124,59787.41792,60571.1679,59733.11919,63123.87123,58580.98836,58898.96577,62324.41219,62370.08434,63432.95134,58826.84743,108389.3977,108169.2031,108222.3176,108018.53,108180.9278,108228.937,108566.5614,108636.9751,108838.8077,108729.1641,108997.1851,108958.7921,109189.8544,109381.0862,109273.8695,109383.0796,109253.1799,109377.5305,109554.5902,109454.2931,109646.4136,109795.6122,109745.4025,109908.5597,114059.9443,113406.845,112423.7263,112731.4995,111150.1431,113438.5807,115725.2377,114609.9749,114814.2184,110507.528,115465.9479,113514.9988,113222.2744,114749.5239,114438.4591,115280.3061,114379.6684,117823.5985,113358.4966,113622.3314,117139.3107,117267.441,118306.6016,113784.5063
23,11,1,92636.2354,95592.2337,97584.27243,91079.70726,95619.2076,97150.53473,92656.52092,91665.31735,91835.5557,99318.46071,92989.46498,100444.7225,96070.10028,96206.54661,100087.3113,96069.93415,96802.51435,97067.53818,97202.48405,100360.0792,98009.63466,101219.9716,102096.7441,98189.90284,165413.0836,165576.991,165738.4644,166038.7297,165700.2467,165853.2838,165938.3597,165938.9608,165781.0462,166716.8386,166309.5818,166142.2126,166451.1905,166342.9206,166366.0258,166221.3314,166341.3448,166517.8426,167101.1954,166801.6665,166866.1794,166986.5662,167236.3814,167365.9889,175432.6473,178472.5274,180556.7861,174215.1691,178574.7269,180183.4375,175735.8008,174711.7494,174826.273,182770.6131,176243.2058,183626.1107,179377.4426,179486.0235,183383.5014,179292.527,180060.0846,180422.1053,180835.1322,183849.6588,181538.6176,184828.0108,185828.9816,181981.6271
24,15,0,98991.23787,94441.56555,98138.69654,92609.04817,97226.57816,95203.96907,90200.09279,91931.63067,95968.33708,95191.73429,99944.18359,98985.98328,95280.73836,98756.55918,99822.8117,104293.0663,99879.96681,101120.7082,101011.6878,97417.33096,100131.7881,99261.15012,100426.1395,99153.31139,232915.5889,233180.1654,233942.7922,233571.3065,234075.4371,234851.8899,235044.8481,233763.2316,234300.1079,234400.2102,234617.7583,235026.1905,235805.8608,234791.7003,235170.3264,235337.9132,236219.1928,235394.6963,235633.9039,236064.2164,236841.6954,236408.3486,236724.7914,236857.0827,215548.5439,211137.9521,215220.272,209514.2134,214345.0673,212736.688,207822.3165,208893.1309,213217.2721,212483.5652,217356.1006,216600.059,213276.9458,216269.3285,217500.8253,222061.7166,218090.4339,218906.9443,218909.4035,215551.7173,218641.1191,217566.8755,218892.8965,217689.6553
25,16,0,88739.55767,83578.84899,81703.07811,84990.62326,84605.39743,86543.65267,80832.71046,87148.30938,85141.45543,85861.73613,82097.42153,91370.69919,88601.38714,80126.91306,85964.2591,93294.42793,91020.06703,88791.27189,84992.08468,91859.41716,91449.65532,86624.92446,87919.29262,98978.7788,245721.3283,247018.229,246834.1655,247324.3855,246951.3946,246752.4793,247537.0644,247425.6277,248547.5032,247035.1472,248741.4858,247999.6327,249251.6269,248467.6178,248128.7124,248447.281,248581.3151,248592.8393,249494.8761,249210.478,248853.2047,250171.6383,250144.3793,249185.2497,211729.2362,207227.0434,205255.4935,208791.2,208216.9102,210048.5014,204745.8672,210993.9831,209541.9968,209514.9648,206600.9195,215492.8836,213366.8628,204500.9211,210149.9995,217645.9853,215429.9102,213235.753,209863.2106,216600.3589,216018.0279,211823.1299,213124.5457,223716.1066
26,6,0,43842.47109,43172.92421,43612.74835,44167.49545,41978.58894,44265.51186,41947.21777,43035.31015,44061.69181,41904.33243,42801.80873,41773.41344,43961.80219,45757.60094,47419.31063,42467.24174,45444.33865,45626.54677,45234.53026,43895.76161,47466.12828,46108.37982,47645.75293,46335.34292,91314.25407,91303.20493,91334.85988,91293.82942,91495.10042,92012.86088,91678.24874,92011.80861,91761.41867,92023.15112,91981.58813,92213.53102,92147.14996,92235.89634,92136.15411,92385.10004,92257.70403,92436.10795,92562.47727,92730.74917,92912.2093,92783.2947,92738.85245,92974.79761,89631.44946,88957.7341,89400.12859,89948.21202,87849.97265,90403.78576,87947.93859,89168.30125,90066.72516,88066.26066,88933.83169,88011.60031,90172.32764,91997.04851,93609.73779,88782.70773,91703.35723,91977.18253,91652.08619,90391.98514,94054.52102,92616.98079,94159.36871,92943.49019
27,15,1,131770.6479,130681.009,130463.0344,128691.3625,123799.8798,137179.9418,128965.3218,131375.9474,130821.477,130415.5437,129970.879,128623.0568,124539.0226,129241.3378,119570.4292,136203.8087,127198.9723,125412.0961,129312.2365,129900.2383,126213.6463,124448.7543,130258.6617,132441.8367,227654.6221,228217.0152,228195.9858,229132.2479,227730.1716,229199.7257,228895.5324,228702.7971,228793.6827,230024.3169,229463.8672,229280.1652,231086.5566,229843.0487,230569.4834,229616.0518,230328.1737,230724.0471,230671.1565,230899.485,231294.2968,231190.018,231667.3184,231233.8504,245648.2552,244843.9733,244613.6308,243328.8982,237727.6,251853.0383,243499.9722,245778.0743,245298.3445,245496.3484,244775.3964,243329.3913,192133.8849,195406.8528,187955.5457,200880.2523,193959.6621,192676.6207,195790.8857,196346.0438,193555.5319,192109.632,196939.2004,198511.3172
28,8,1,58643.43802,58062.27353,60157.11283,57314.80549,56593.92084,61023.63541,58071.86174,57522.07567,59734.88845,58558.61774,59743.19533,60020.12834,54391.31449,58074.35988,57432.0115,55642.04058,55877.90643,57591.45828,55659.36523,57887.36578,58827.49188,57679.23498,58984.72964,57853.45181,119077.402,119586.3451,119253.5112,119428.5342,119293.2162,119590.417,119704.3184,119964.2057,120116.9768,120049.5613,120288.0096,120074.3423,120317.0912,120572.5168,120060.792,120951.5836,121060.421,120839.8808,120918.1946,120893.5276,120974.5542,121977.1922,121795.9631,121414.6183,118198.6602,117896.0124,119817.0612,117050.3469,116282.8174,120854.9616,117963.5845,117530.8406,119825.681,118633.6714,119938.8095,120074.4775,91669.77913,94733.72969,94005.7197,92939.00333,93171.70694,94457.33787,92937.21619,94690.2347,95489.57177,94960.43323,95931.46274,94882.76986
29,14,0,92973.84788,98363.7847,94670.05208,99836.84666,94701.7762,98070.96351,92272.89529,98069.78133,92361.17314,102512.0478,100651.1326,98587.62831,100285.2404,107900.1465,106027.8838,94900.73074,101094.5794,102214.5162,99589.9354,97125.26285,97493.83657,97484.25739,103670.1272,105651.9415,213411.0913,213714.6792,213867.2924,213213.8766,215166.5814,214339.1982,214282.4624,215131.4984,215188.7739,214738.2271,215066.1003,214629.2669,215388.2412,214974.5982,215707.9329,215813.4449,215835.6235,216108.182,216095.8348,216877.596,216178.6709,217404.1723,217219.9276,216495.132,199775.328,205335.6593,201710.244,206560.6796,202403.1195,205355.8272,199515.218,205732.0802,200057.9961,209987.0444,208302.9306,206000.0283,208098.434,215487.3483,214000.21,202940.2541,209148.1675,210384.0868,207762.3662,205673.6908,205680.5191,206305.3715,212402.2403,214004.8652
30,5,1,41488.73213,43504.25549,44624.61529,44327.54345,43016.32657,42745.97593,43010.5056,43849.31238,41336.80576,43473.64597,43238.50007,43847.51364,42595.61443,41634.28277,45004.06305,42252.27579,43831.95978,43674.06286,41001.30827,42889.43856,42101.31836,42439.72546,44486.68576,44161.77523,72774.25783,72971.98864,72933.48593,72867.53831,73224.98396,72891.65515,73181.07638,73243.99836,73313.48504,73424.145,73328.40474,73278.23228,73414.35431,73606.87119,73757.66454,73892.11183,73955.12956,73656.83004,73718.29337,73832.20245,73828.44626,74232.75666,74157.99181,74023.69546,77862.06288,80012.79574,81083.69952,80772.14893,79617.11036,79173.8899,79587.38773,80502.92629,77981.47584,80165.43613,79902.22453,80495.34811,63459.77283,62757.6675,65501.38741,63353.3382,64642.15262,64384.30261,62277.31886,63831.25066,63189.51111,63643.05329,65247.76866,64935.17669
31,12,1,83625.61911,78868.97577,82930.70877,87096.94246,84115.20559,78552.90921,82734.2147,85484.60047,83310.10887,82115.44986,83698.26982,83984.65805,80735.02037,80474.01205,74659.46464,75553.55723,81255.97883,79289.13529,84822.58218,82692.54738,81345.83237,81736.5904,79344.26633,80718.12872,180833.8663,181068.8485,181537.4218,181759.8958,181597.7554,181869.7348,181545.3826,182032.0394,181973.4792,182825.8048,183187.6365,183340.3319,182855.501,183229.8097,183233.8952,183633.943,183454.5387,182867.562,183808.0609,185067.1761,184307.0723,184236.1547,184951.8803,184985.5804,174192.2377,169561.7454,173861.0674,178131.9954,175046.6726,169645.3349,173653.7407,176654.3746,174435.1598,173681.1235,175440.7248,175836.7192,137871.5882,137825.5887,133172.6345,134042.4116,138551.046,136721.8138,141522.4153,140345.711,138953.7183,139235.0537,137618.8607,138694.4756
32,7,1,50148.31498,52770.0826,51488.47288,52987.45168,46677.33047,51101.22822,50703.48317,48116.35025,51298.83914,51672.54774,50184.71263,50490.42641,51635.08645,54257.05692,49496.48921,50081.72051,50960.35607,54762.43733,53682.25752,53249.46857,52531.5059,53106.09328,52342.74659,52759.29958,105964.8782,105746.5066,105739.2206,106224.974,106660.0377,106262.7403,106844.6607,106596.4561,106789.5379,106597.9881,107033.1966,107168.6626,106944.5261,107100.4701,107198.1095,107133.3881,107344.8533,107432.4357,107442.323,107660.518,107697.4042,108140.475,108043.9483,107913.5866,103263.0301,105778.8419,104499.1643,106242.4237,100149.15,104367.0261,104275.6401,101554.2788,104828.2638,105117.3846,103849.8834,104197.9702,105253.8807,107962.5399,103245.6715,103788.5375,104769.9982,108611.7031,107523.8819,107207.6331,106521.295,107330.7631,106517.0958,106849.6422
33,13,0,85914.49543,82968.50472,87316.1293,82925.96912,84477.40099,85912.48238,79197.9431,83653.05084,84919.44561,84447.65634,86085.42537,83875.79197,87255.11597,86826.23769,84032.03076,86123.65558,84102.38407,87378.33294,86644.41173,86822.28107,86847.13103,81800.66424,85672.62341,87040.07192,193489.4705,193975.8328,194616.0178,194395.7625,194478.7843,194830.6792,195080.7527,196084.1554,195490.7584,195376.3727,196163.3872,195655.0063,196705.167,196532.8318,196480.6979,196418.3997,196416.1936,197073.5895,197280.7406,197500.3582,196800.3812,198151.6553,197171.2114,198240.5,182715.4236,179993.4108,184656.0658,180178.6225,181745.9903,183366.2469,176788.737,181737.4817,182708.1605,182182.6206,184212.946,181735.3423,185647.0896,185130.0007,182322.0895,184383.7157,182353.4009,185965.9954,185324.2239,185611.8713,185282.6959,180905.5654,184306.8861,186205.4903
34,7,1,45979.75617,47806.58447,45697.00305,46161.28575,46730.02221,47542.54416,47193.17156,43844.43074,46332.34764,46395.87612,45813.64921,45823.43696,50002.44539,47092.91681,48593.56637,48812.58253,51099.92974,47853.83115,46948.43032,47110.49745,49781.17462,48199.36527,47849.12584,50333.10631,103882.2691,104447.7723,104557.9464,104704.0301,104740.7667,104668.3662,104804.8577,104391.4661,105176.0753,104830.7759,105378.9637,105004.1622,105044.6626,105551.4987,105168.8302,105445.8501,105496.8844,105528.8992,105391.4102,105468.0052,105470.8152,105813.9049,105742.1744,105945.1192,97961.13581,100077.2256,98024.99054,98566.27024,99153.14427,99945.21639,99656.54348,96100.70015,98971.33101,98858.40067,98566.26378,98361.97763,102595.346,99931.08005,101221.1743,101595.5671,103907.8072,100673.9696,99715.6253,99907.4458,102578.6573,101154.2512,100772.7444,103361.5832
35,7,0,65063.90188,63482.68575,64709.92462,64976.18862,63634.14556,67660.31563,65402.57701,63966.71106,66290.83478,66872.2867,64288.83182,64694.51841,66148.51162,63925.90656,66401.4023,68620.88249,66622.18781,66068.3917,69332.88859,65728.34189,66196.18733,66929.85003,68789.31459,66198.12567,109813.3474,109274.668,109784.5876,109675.0911,109677.8178,109825.5905,109784.5289,110077.8294,110142.2513,110070.3817,110318.0487,110269.9475,110775.2839,110580.0362,110214.4823,110569.1913,110672.1945,110800.8459,111052.6665,111026.4058,111425.7747,111169.5301,111336.9744,111299.6737,120064.5209,118189.4025,119683.0687,119884.9918,118564.182,122658.7567,120340.1867,119084.3398,121455.9296,121990.3965,119536.4841,119907.4766,121621.9156,119304.8599,121587.9897,123991.451,122035.2006,121553.4167,124936.1067,121324.3968,121986.2989,122599.7807,124538.0354,121928.7995
36,4,0,28577.85647,25497.90704,28058.23916,27570.57257,25146.70728,28155.40769,25529.89148,27901.68054,27589.22189,27736.11702,27575.48846,26615.06698,28513.80222,28756.88844,29086.78543,29121.84857,28182.62374,28377.44374,28215.04911,27837.14816,27902.77159,28645.70721,29102.8104,27102.09701,59638.42328,59682.39004,59702.12612,59870.60658,59897.47522,60130.17076,59861.53821,60034.07928,60108.80037,59971.30839,60055.4905,60185.97573,60291.58426,60288.56498,60212.2616,60550.30496,60331.17374,60443.60035,60556.5548,60488.34217,60805.86073,60636.4127,60795.79821,60851.41595,58448.84436,55361.32616,57942.38951,57541.31219,55123.89338,58242.47305,55499.70085,57924.28538,57669.02593,57759.64766,57648.69695,56743.27047,58685.78288,58920.8827,59232.69617,59413.3161,58368.08053,58634.40601,58499.74403,58105.27672,58319.07129,58997.95619,59533.61589,57575.80648
37,10,1,81436.11236,83304.4627,85569.3583,84307.10242,79364.96875,76759.46362,80495.54494,80427.67372,82855.29208,81758.74742,81144.96453,81589.03093,80264.41342,79016.77021,82559.05837,82381.46246,82890.00315,77308.07399,79918.12818,80194.9615,81822.10817,86482.19879,86629.07158,82870.28012,152578.8525,151788.107,152944.4977,153027.9139,152673.9967,153188.7138,153680.575,153291.2904,152967.1871,153374.7508,153077.6376,153304.0319,153643.438,153290.1302,154268.9855,153867.6941,153821.0532,153654.9311,153372.5238,153459.2959,154144.8538,154221.6437,154068.1922,153699.0053,157796.2047,159261.1657,162100.5537,160905.5274,155768.8578,153453.7185,157410.946,157136.6034,159401.6329,158510.8218,157770.4598,158322.9373,125751.8977,124620.9786,127845.8623,127527.0579,127924.8966,123394.9168,125356.8758,125610.0811,127208.0151,130963.9451,131006.3618,127861.4898
38,12,1,80410.30365,83493.29238,80281.9409,86307.75913,84082.62723,82515.44455,86521.08965,86926.90161,82911.86492,84341.42834,84632.8157,85749.99941,81225.55811,83279.33255,85928.88921,83031.93709,80754.88667,84225.61936,84275.08395,84638.5555,82116.37877,82774.37329,86633.87586,84756.28704,178746.6618,179306.1277,179129.7411,178819.9746,179004.3294,180160.058,179547.7486,179652.5406,179744.1277,180564.0411,180319.3213,180170.2618,180528.9437,180778.8564,181019.6045,181097.565,180353.3392,181124.3029,181232.9028,180613.0541,181734.01,181492.4929,182226.6477,181683.928,169932.1095,173283.4099,169995.2116,175865.6726,173736.3243,172717.2683,176438.6808,176886.7749,172909.7202,174752.0896,174937.9308,175986.5967,137322.2696,139086.1492,141283.1365,139011.4449,136868.8543,139986.4966,140040.8986,140100.5041,138530.0781,138957.0703,142353.9237,140614.9875
39,2,0,20158.33188,19444.3735,19541.38382,20542.04518,20518.62793,19866.51392,19931.16,19259.73031,20119.93386,19895.08583,19343.42305,20423.03715,20479.25238,20796.1064,20914.31617,20251.02077,20786.81927,20362.8347,20562.71016,20476.10068,21073.92142,20052.52894,20052.61466,20071.28656,31137.66923,31013.8088,31082.61108,31151.23807,31128.96117,31071.14209,31261.90485,31119.02415,31204.80299,31250.10819,31180.23402,31223.54689,31298.76113,31401.51778,31412.11286,31353.72635,31316.92411,31300.59946,31470.0464,31406.88688,31438.7552,31420.62397,31577.44843,31498.97992,35784.35619,35015.96111,35155.48387,36206.55879,36150.71838,35465.89193,35630.4319,34897.39328,35786.37522,35603.42117,35009.22683,36097.20379,36205.46209,36577.63203,36702.54611,36011.19444,36519.66222,36092.28142,36363.05713,36243.99768,36881.42543,35850.48523,35901.39746,35895.04941
40,13,0,60816.40601,61807.94397,66240.09261,62565.73203,63911.11149,61682.92247,62818.05386,58191.98843,67606.01604,63527.20487,60423.17939,62496.20743,59581.76961,65255.5202,69212.8419,71597.07496,68222.57022,65505.00712,65888.76651,69574.75867,62841.6464,72022.48417,66160.39621,65775.34676,199584.3077,199096.0483,199552.0742,198947.3026,199430.6545,200198.1552,200644.8645,201219.2868,200511.3565,200711.8857,201085.9692,200784.4637,201668.0983,201729.9993,200682.3391,202140.5034,201025.0079,201626.2169,201671.0606,202168.7712,201766.348,202100.423,202897.2002,202414.4284,160760.7304,161512.033,166156.8534,162201.8763,163761.7356,161932.575,163296.3926,158971.5739,168010.8007,164053.834,161102.2393,163050.6936,160561.0346,166267.4697,169715.3762,172808.3663,168884.6982,166467.7748,166879.9627,170803.3283,163880.8463,173228.1763,167763.2531,167153.6519
41,11,1,62256.75542,64908.33041,63675.40582,68510.62979,65114.31509,66823.20039,67235.17921,68335.34716,63234.06662,67895.42418,64426.83529,68141.68799,65219.63024,64598.54175,63470.75143,68740.4276,70749.54176,59271.69596,66134.18772,66543.08769,63357.45131,68541.89895,69577.63033,64195.85479,166763.66,166693.0638,167103.4078,167446.8333,167360.7009,167444.6923,167568.8957,167772.9989,167368.4426,167638.8835,167387.9995,167633.0798,167751.9886,167114.4335,167724.4119,167672.1158,168624.2033,167746.6161,167709.3097,167899.0556,168146.277,168504.0776,168293.1747,168060.1138,145747.2167,148359.2529,147336.1052,152330.7522,148895.7601,150677.3864,151122.4959,152345.2288,147025.9156,151811.8401,148226.982,152052.7143,119370.1235,118616.8836,117964.4001,122182.9813,124164.6053,114619.6814,120100.3416,120500.6233,118053.3979,122344.3782,123098.2535,118702.2851
42,9,0,72302.17997,72516.24694,69742.84317,68959.55262,75685.33117,73626.6298,69980.67722,75461.72909,72494.87538,72285.54519,74792.52533,70136.02668,71116.40869,71060.36183,73279.40139,75333.49141,74644.6923,72667.83272,73125.42911,75075.40761,69454.62463,75774.90302,73747.95586,74080.40087,133159.6826,132844.6222,133314.6401,133594.7684,133394.1907,133884.7641,132759.1651,134018.5935,133532.0124,133725.6994,134147.9933,134019.034,134090.3815,134575.8479,134291.9563,134803.5117,134492.2498,134682.0544,134450.0092,134633.2916,134409.4423,134891.0317,134962.0868,134997.9832,138891.1328,138944.7382,136392.2254,135764.9277,142393.4349,140558.819,136368.7808,142459.9775,139268.8648,139132.3495,141872.0559,137145.2808,138154.9886,138353.571,140432.4455,142740.2467,141886.5212,140020.8396,140350.3085,142370.912,136660.3026,143209.3148,141232.8596,141575.2626
43,11,1,67608.16079,67992.23843,70510.32133,66370.85512,68951.13429,67445.01096,68438.7202,64117.34244,69080.53023,67708.97866,65200.46655,68987.46682,65454.32712,69872.68923,70810.73097,70523.85398,73832.26869,67737.35933,72885.15719,66774.83428,70280.60642,71533.42897,70059.16413,71893.13527,171234.0486,170393.2992,170624.0568,170744.0034,171260.8494,171132.2034,170891.4467,171287.9834,171798.029,171020.1398,172077.0596,171261.7482,170869.6094,171487.966,171884.8637,171693.711,172295.4656,171839.8083,171861.5119,172027.5578,172173.487,172543.4276,172363.6593,172338.4215,153245.7992,153222.8707,155844.1351,151748.4649,154602.6797,153036.4502,153924.6506,149776.5963,155015.5904,153245.2887,151265.654,154647.8992,150918.948,155643.9252,156752.5912,156400.4578,160011.3455,153665.7835,158833.0563,152823.0997,156383.5188,157832.5131,156255.6621,158103.0521
44,1,0,6729.896971,6715.585188,6441.882037,6347.774723,6461.043322,6347.174849,6670.166248,6807.380252,6760.575529,6857.022215,7015.248626,6801.720253,6717.194915,6848.705151,6865.098101,6749.811971,7065.161695,6713.442626,6767.815365,6728.134815,6901.877419,6925.662416,7210.768564,6922.697743,14741.28789,14718.74811,14742.1175,14738.80751,14793.97321,14735.69388,14781.37413,14772.9373,14794.17058,14833.79725,14812.45697,14756.80999,14787.63058,14824.90295,14835.36388,14800.83417,14857.64294,14831.03045,14863.47083,14896.48435,14859.34104,14894.10923,14871.13884,14896.88046,14295.64261,14282.22013,14007.05505,13910.10484,14059.98781,13913.65246,14258.47687,14371.80237,14334.06054,14484.85863,14607.97585,14388.9338,14316.90674,14452.01712,14470.92353,14341.80066,14681.8914,14319.63136,14403.66866,14375.37137,14532.99989,14564.82057,14845.56073,14559.06396
45,20,0,188142.2171,184811.8396,191414.2399,196726.4388,187122.2854,178315.9262,182455.4041,180439.0615,181782.1209,182531.6832,183000.0223,192572.2058,190275.3057,188972.7737,187743.0864,186280.5458,183845.2196,186956.162,191775.7084,194814.961,196114.6619,195911.0949,194464.2768,190924.7341,299681.3782,299431.1991,300462.587,299863.7868,300472.1324,300470.4642,300355.9179,301594.086,302345.9151,300588.6359,301555.988,301805.3553,302159.0126,301929.8683,301557.8885,302414.8448,302675.1149,302351.3892,303306.8636,303769.6761,303842.9062,303787.4691,304143.1338,303482.1482,337999.1559,334537.5387,341627.5433,346659.8747,337365.0316,328559.6463,332614.1962,331246.1038,332979.7385,332814.84,333786.3047,343479.352,341364.1553,339943.4925,338539.824,337489.424,335184.5496,338133.9752,343428.8797,346711.7164,348022.715,347805.3012,346550.6551,342671.4859
46,14,0,116368.3545,118927.3558,118181.628,115766.5825,114241.6105,114231.9996,112156.405,112492.7106,115531.0909,120206.2727,119842.3923,117504.053,122517.7195,123511.3118,117684.5429,116118.5329,123155.2026,119171.2411,117332.5737,115705.6551,122347.8021,122018.28,120933.7778,124982.4439,210264.29,210652.5927,211019.1029,210427.3267,211287.8002,211896.8861,211379.7279,212440.1864,212739.9932,213009.9912,212530.9543,212616.9141,212746.0191,213264.3742,213052.7857,212844.0626,213472.0509,213314.4775,214395.078,214387.1001,214301.4913,213752.567,214148.5055,213206.6605,221594.2212,224347.0295,223780.7692,221068.6099,219992.7717,220264.5985,217938.5954,218810.5361,221992.7465,226793.2479,226194.9297,223898.7122,229003.4256,230241.646,224309.5396,222648.7239,229975.2342,225931.5491,224632.8851,223000.6282,229600.3634,228991.5182,228115.899,231687.3548
47,2,0,14468.02427,14518.87125,14993.7318,14188.24893,13999.9617,15012.02573,14588.42549,14945.56313,14951.36659,15037.71849,14948.32645,15370.85632,15038.90884,14347.18527,15334.48639,14435.30545,14480.07204,15040.94738,14841.58878,15793.86646,15379.60873,15396.66491,15698.47891,15170.79308,30319.67545,30300.83927,30265.33865,30329.73512,30469.26492,30454.45898,30438.00179,30589.19193,30498.32878,30520.09983,30537.63923,30615.60943,30621.59536,30771.45906,30605.31916,30605.37344,30612.55875,30683.59303,30845.46973,30880.32972,30842.15858,30854.94358,30940.84461,30845.11606,29768.04574,29812.58482,30251.55881,29498.03713,29376.22926,30372.52735,29939.4381,30363.85319,30345.29405,30432.29565,30338.6208,30824.5531,30489.13173,29869.64732,30799.99397,29865.45517,29929.76558,30506.30785,30403.89286,31348.76306,30943.49411,30950.58319,31284.42353,30717.35753
48,3,1,22208.60087,23157.63873,23369.51896,22962.55726,23099.90407,22855.86526,22835.68714,22725.584,22791.74032,22625.67939,23366.58759,22440.54206,22472.72612,22347.99986,23879.9136,22120.41527,21818.04794,22728.36064,21826.09794,23474.49369,22156.51461,22213.86946,23404.59971,22698.08091,46522.82968,46205.95295,46336.87854,46490.88772,46442.3631,46584.58298,46681.1524,46732.14377,46838.53386,46882.4548,46866.94721,47132.19166,47015.65276,47021.24646,46802.77855,47039.58094,46892.54811,47239.95347,47203.76287,47128.88221,47441.75271,47369.99228,47559.40125,47301.3448,45629.67979,46438.28735,46713.06136,46372.20447,46494.27035,46309.29795,46345.10831,46253.53023,46372.13764,46237.56066,46978.72505,46185.63891,36953.67474,36856.70412,37995.70514,36697.83007,36374.5209,37240.10563,36506.09603,37803.09618,36877.39446,36891.53895,37915.7728,37255.46105
49,3,1,24030.27792,23045.58628,23029.07785,23307.95358,22065.43498,23635.67182,23155.46257,22935.17401,24742.30497,22875.84074,22093.09536,23705.81484,23274.7717,24439.54409,23280.79578,23805.60574,23984.2236,23549.6434,23519.26805,23060.6588,23798.18503,23275.6131,25192.11155,23839.18257,45223.50041,45047.38034,45377.92344,45049.55877,45238.79512,45364.2079,45494.17441,45418.76742,45540.60448,45442.19698,45665.96513,45540.10201,45503.28896,45567.07714,45636.64684,45713.97826,45728.36306,45851.78446,45865.23149,45797.92616,45885.1301,46144.12479,46026.61926,45931.5494,46777.78087,45695.92073,45845.22537,45953.78604,44804.70128,46438.53813,46023.58399,45766.94911,47658.01578,45727.53525,45060.77083,46603.57625,46153.52163,47376.96504,46231.29638,46780.19117,46985.18801,46619.15478,46582.91991,46091.09006,46869.38832,46472.03935,48331.26799,46941.96261
50,6,0,42509.25654,43919.13929,41677.84375,41085.23988,44307.29528,43225.62489,43315.89922,42355.31241,42055.99613,42436.55449,43133.00776,41791.15708,46638.56223,44992.99201,43263.70071,42892.47342,44473.50669,44158.81747,44256.05096,46763.51231,44364.99769,44531.0481,44561.1541,45378.84846,90632.13414,90681.52073,90754.89793,90729.80606,91023.88762,90861.08248,91156.55377,91061.25886,91414.72934,91092.32968,91341.56115,91104.96868,91241.16057,91540.13624,91284.23105,91441.83615,91605.01762,91687.06527,91493.33506,91505.66293,91574.7109,92293.02566,91798.92479,91933.40825,87889.21438,89332.62171,87122.07106,86517.40672,89897.35195,88737.60474,88961.62191,87952.94581,87836.35197,88062.6281,88875.02516,87405.46628,92331.24561,90834.91039,88974.25945,88668.01581,90351.13436,90087.83121,90083.9316,92579.37314,90218.69059,90742.77533,90536.06756,91408.82448
