price,car,mpg,weight,height,length
17643.93754,1,37.43730982,1817.866829,46.96577528,169.1084844
23476.64963,1,34.44565885,2325.331767,45.70986394,211.4477966
8489.291167,1,31.15437368,2444.095841,47.99786069,157.651603
16156.42572,1,34.16332887,2022.38891,51.51942611,203.5745023
15187.4547,1,41.46782404,2248.432206,49.73085199,205.5122498
21235.623,1,41.62285406,3478.340623,45.75029872,175.2117287
15108.23119,1,35.86889547,2387.778649,48.39491652,223.6930173
24534.38651,1,39.34357633,2313.704921,50.83394642,125.9865045
18386.47542,1,37.12351246,3225.814066,48.31410112,204.6900838
16433.44423,1,36.47639641,2799.000493,45.15030241,140.1087697
13465.46281,1,31.91314924,2261.359484,47.06672231,232.6265317
14970.27924,1,44.00133513,2983.494747,46.97101073,180.13741
17462.17144,1,35.69094975,2079.694221,49.12900196,192.6095888
21344.52178,1,43.05595402,2981.017823,47.13912987,221.6625467
16927.85942,1,42.66317739,1549.00222,48.19589351,182.1223223
19615.52124,1,37.35208029,2317.533698,47.29169275,194.3011697
15616.51161,1,44.94747526,2188.074421,50.59962157,191.1939183
14404.68913,1,33.56637701,1377.808133,46.80405995,281.5450064
22989.03842,1,39.57835154,2188.625379,48.60902654,183.0108947
22571.08463,1,35.15816456,2141.907091,48.36190444,184.6109882
22082.35896,1,45.59557385,2475.556345,49.63453015,171.3904144
15508.06193,1,36.11499662,1701.102739,51.80566973,228.5546433
15619.66655,1,44.10181168,1915.029042,47.62779183,150.9190954
12962.59867,1,39.6249711,3090.766287,48.66573527,201.7718904
23274.88788,1,38.54488831,1766.502103,44.30208286,136.7659314
21847.72907,1,39.02444157,2694.36514,46.95111505,200.3067638
16239.79052,1,41.69554989,2866.563916,42.6838126,209.1925081
22346.75837,1,40.0937265,2253.544768,48.58986575,113.3785008
17670.63078,1,42.2909962,1901.497612,50.18653173,148.9584074
21596.88095,1,21.49876958,2567.260252,45.9770415,244.949869
16264.03019,1,26.5631873,2271.951884,48.33736801,192.8455618
20760.40594,1,32.62646562,2466.028497,46.87456939,212.3470161
21647.82199,1,33.11820791,3414.880509,48.81676444,126.8060516
13261.36032,1,39.21478981,1944.063536,47.10373324,199.0812879
19501.59832,1,35.06739364,2603.483125,49.0662948,94.79911735
21166.5994,1,39.70288726,2216.581097,50.26029242,121.6809596
17754.63932,1,41.10292773,3443.043155,49.43725394,179.9963043
15066.99306,1,30.32532735,2467.563232,50.96603325,240.3807409
16929.6495,1,39.38651685,2772.940174,49.03576621,192.1356149
19057.02905,1,38.41343897,2103.767789,48.04496874,159.184528
16450.05607,1,36.09681032,2578.931588,45.72428747,110.9378757
18955.49685,1,45.09135159,2239.980196,47.13658757,172.7610317
13762.57373,1,43.80714257,2579.39329,47.10760053,185.9531631
15362.0799,1,44.89849061,2652.481929,45.71716448,150.3486367
18700.99201,1,41.46131857,1922.701019,48.11524033,231.1964109
17880.7563,1,42.78134145,1869.706487,49.38563961,219.7820598
21581.82196,1,38.42828118,2297.344984,46.24403007,137.5569518
22013.4878,1,28.46364238,2785.367667,45.69451017,216.9025628
16385.89426,1,43.00084814,2591.003623,49.89532462,196.8044823
16227.62368,1,34.5589711,1779.767314,52.12113101,226.9294358
23419.69827,1,39.65681251,1446.315511,49.77166327,165.1703358
20484.46186,1,39.41686668,2602.086298,47.69608632,161.0223062
14697.31261,1,36.68750785,2862.340276,49.81127408,165.3315973
16283.31793,1,31.70815227,2740.73774,46.34106083,170.3835005
18627.42085,1,24.61401788,2585.550687,46.00275415,271.3343338
18568.97195,1,34.7826502,1170.704879,48.43611485,170.2945934
14066.79942,1,42.75611423,1876.340639,47.19438486,114.4508967
13283.29144,1,36.17237687,2826.852324,49.67844071,181.3523315
23605.71967,1,35.39881828,2406.701514,48.51352606,176.414454
17649.47754,1,35.76711244,3047.755292,50.02353645,219.4376816
19023.82237,1,40.11996534,2005.977977,49.8163501,159.0203555
16799.41702,1,49.51239425,1921.949029,48.90165804,167.9157347
13680.89403,1,35.22502052,3136.518388,46.16387561,188.5930555
22861.75845,1,41.31830434,1432.312825,52.51840502,182.9298041
15479.57121,1,26.11561951,1974.178624,46.51451904,226.0230815
20031.0696,1,43.42679962,2007.484477,52.03589616,194.8465705
20893.93649,1,38.7103752,1729.571356,44.11744593,186.9173382
20422.55019,1,24.52361246,1956.966326,46.43255213,264.319909
22317.63353,1,20.84633134,2617.096656,47.96394786,257.6909188
17282.9257,1,34.11526086,1977.618966,48.69646833,191.6743479
14203.9965,1,46.80615482,2372.274373,43.54695984,190.751359
13603.14456,1,47.65372313,2636.988658,47.05012305,159.6429003
22680.04363,1,46.7543609,1509.391889,49.0037102,182.0994168
18097.40773,1,36.70534148,3137.332543,47.26720476,126.8656183
15863.74212,1,41.9955191,2130.575481,49.61834605,143.0722155
19879.30567,1,45.4531288,2086.399918,45.53115246,155.5080507
19119.14469,1,41.03719579,2250.535927,47.48624246,149.3591137
19054.98718,1,29.84860138,2833.144136,49.30144041,244.9625891
20640.27719,1,38.76039486,2257.15015,52.2344384,188.1423199
14041.38352,1,44.12967047,1955.33356,46.05598873,150.9962289
15038.44008,1,42.48557687,2495.008192,49.00676217,189.1099066
18239.23688,1,34.32748976,2675.671824,47.10305051,205.85128
19309.09174,1,37.36651923,2370.615279,50.21071532,201.777685
19422.184,1,39.69282446,2513.223383,51.87156638,205.6544332
15554.11138,1,27.36856759,2171.962259,50.89662862,237.6106208
15475.37518,1,31.98574877,1996.148394,48.49867933,218.1642807
16967.28763,1,33.83641604,2813.416253,49.66121606,175.6978376
18841.39659,1,42.3753931,2354.79433,48.82473138,187.9488747
22389.01047,1,27.77956025,3650.592295,50.36778822,173.4215985
11928.20065,1,32.71895671,2732.800834,46.6987923,249.2029916
16853.86213,1,27.5199934,1928.178631,47.90146219,230.9059019
21861.08173,1,36.66613536,2911.71642,46.89203742,128.2069665
21207.14467,1,26.04389403,2468.019909,47.00952643,242.4024
17059.00053,1,42.24791308,2900.47627,49.16389288,176.5878221
18860.57752,1,37.72257155,2960.749101,48.29977259,169.9121368
19305.13525,1,48.40594548,2318.645806,50.94615521,209.8627672
14993.82874,1,31.49483054,2711.391641,47.99708501,122.0011813
15880.18472,1,36.97571033,2421.603102,44.36937392,182.2259376
17163.60809,1,48.20004553,1453.152858,50.67565198,223.4308572
24595.27218,1,38.47099822,2434.515862,46.8085166,181.4669799
17690.51031,1,39.584545,2391.849766,46.21867873,195.4717558
15878.79146,1,36.69668082,2244.643774,47.04859878,153.1242099
18575.73386,1,38.22695926,2434.384059,49.01696793,125.4202413
20224.00988,1,38.94788268,2952.192526,51.08498732,175.4522902
12350.16614,1,42.0705217,2889.310075,49.75530686,130.6674769
14379.28149,1,41.42104182,2769.6768,48.79601757,195.2938389
13321.41868,1,36.23020954,2431.539685,49.21492214,311.2827972
20051.56326,1,19.30499082,2491.498683,45.09706448,228.695176
15011.93592,1,35.01907486,2106.952392,46.61250614,240.1563793
30284.15861,1,35.49337438,1688.213215,45.67131778,151.8287987
16247.04766,1,37.27125275,2494.939584,48.20666486,157.0771614
21706.48456,1,42.98639551,1277.76049,46.39839901,192.3501599
19619.44896,1,39.75349459,3150.142298,46.041148,109.8186301
24951.16934,1,33.0725849,2532.539416,50.30952782,154.963068
23079.47967,1,30.79450318,2761.274608,48.40045737,254.0910811
23764.23167,1,39.58556371,1849.201812,48.25335577,183.9238218
16981.1335,1,46.617901,2615.435007,47.98308336,163.701419
9948.340361,1,28.3261757,2475.67686,50.1000855,252.9805778
14736.98728,1,40.24169647,3319.602415,44.96669328,164.7874537
16844.63581,1,42.71902205,2283.305564,51.37034151,129.155874
17378.80536,1,38.89178339,1737.497686,49.93614989,216.4211571
20047.96832,1,51.17473495,1747.849054,48.52961069,209.0311154
20202.44296,1,36.82100254,2465.421722,46.15446091,216.7643141
22972.2229,1,33.89529138,2834.186702,46.71135807,172.5226925
16608.38455,1,45.94573707,2104.903378,49.10261786,168.3750904
20880.57451,1,37.69044999,2249.435613,44.50156446,178.3917219
22618.06453,1,35.25702205,1863.247206,48.84230322,196.5242846
19007.5162,1,40.53018342,2357.816436,47.68010059,217.9681398
18356.02236,1,36.28248759,3191.856315,48.63633351,115.3142126
13610.98045,1,51.01058113,2257.248293,46.75318245,197.0311401
24232.32248,1,39.38639488,1862.365349,46.90937667,154.3916919
19289.13884,1,43.14539449,2425.329044,44.83148476,180.497074
14851.00095,1,43.06511005,3181.694772,49.03801996,125.0552748
22633.8298,1,22.71907683,2568.153694,48.33630208,241.0709278
15595.14559,1,43.47086593,1805.462159,48.8451947,178.5244995
14939.37759,1,28.72855673,1911.675538,47.71046049,233.1881565
14533.38142,1,37.2930331,2557.784551,47.21155048,227.5575856
28116.63553,1,41.59883344,2030.118681,47.25895466,220.6648129
16672.12951,1,26.3086284,2465.759109,48.16564265,225.1945109
27534.77634,1,40.07556261,2298.647289,49.99065244,211.3845122
20799.26635,1,47.05701572,1548.84265,51.3045973,215.0858632
22556.36762,1,39.75572261,2351.795238,45.29091164,179.1160757
25149.56045,1,37.76459177,1751.99767,46.32355478,215.8036998
15554.88167,1,32.38098935,3279.690258,48.13390211,132.905114
17552.72074,1,41.51212417,2165.197181,48.50227785,98.73222641
16086.82037,1,21.44754807,2503.877994,46.3083857,230.0745329
12734.46417,1,38.984521,2039.587617,49.90300398,116.8597315
15588.03705,1,35.66308573,2639.891889,48.40545191,199.0703759
15352.7245,1,27.47131751,2115.526364,50.27957372,225.0866179
23092.50497,1,38.21235689,2834.362706,44.26952819,220.9956907
16955.0283,1,39.68722952,3342.658984,50.08879376,193.0199055
15866.29869,1,27.80443843,3076.798574,47.21879836,193.5757999
21271.58589,1,18.81326187,2321.425294,45.64034671,282.0036265
18279.56165,1,32.81963518,2760.493259,43.82638746,148.3252573
19955.88778,1,27.02794735,1689.224515,49.26411148,227.6959431
18775.93382,1,30.90485365,2340.494087,44.95674187,158.5432699
23412.92395,1,42.51926837,1900.544204,48.7492428,125.5307612
11951.68901,1,37.44531277,2908.196176,47.6324327,137.4420528
12882.45276,1,43.49825018,2179.985285,52.97435011,182.6575268
16885.83972,1,49.83032024,2516.362499,50.2170955,210.4579408
21157.58504,1,42.92123006,2676.679121,46.78162842,141.5406833
23425.40202,1,25.53721249,2828.908021,47.31387901,228.9520394
18213.2549,1,43.70353304,2222.884823,48.31852088,69.01590183
15339.50302,1,23.43604605,1841.011492,44.25596015,261.6892655
14037.17593,1,40.99392436,2254.637782,45.50974025,209.5101991
23098.09049,1,29.79542332,1491.539738,47.47424563,175.5949037
19481.29234,1,33.53080416,2256.611149,47.86771385,243.8299515
18311.01887,1,43.1262336,1393.316442,46.80641199,169.9190164
18498.04891,1,30.57833147,2803.518909,46.68158242,53.70565233
25947.07558,1,21.28567662,2662.583516,49.33225628,281.938495
16678.45215,1,39.40644002,2213.554079,46.03109619,227.3905384
21317.77461,1,39.01218843,2257.354657,48.93308801,170.9191506
14727.96675,1,44.64588859,3130.159918,46.48850008,182.1800577
18858.66888,1,30.79465175,1586.063334,49.94866099,241.0559528
16915.00202,1,38.03352603,1875.57955,44.65462341,187.1396897
15602.57829,1,35.680768,2681.427459,48.5138308,163.946371
18672.44356,1,38.92551972,2155.226025,48.04409365,136.7615729
20090.12421,1,34.77418284,2605.98278,49.86991232,120.9146003
17965.42089,1,45.53315372,1989.751128,47.87666354,167.7142884
16508.66718,1,35.46043146,3345.195918,46.93517468,178.5448684
17269.08585,1,38.05307602,2891.309262,48.28893342,137.582475
13941.98798,1,30.44184874,2200.456542,46.71708729,238.7391243
20212.53778,1,34.8533104,3683.696044,46.28469292,114.0900972
23326.09812,1,39.10583332,2588.08619,45.26732192,143.5343449
16926.10708,1,24.94710093,2774.433196,47.04235442,248.7208573
16971.24965,1,33.90322582,1724.991854,50.04115033,222.3124575
15015.35847,1,34.18265746,3017.580006,47.97338386,194.60629
18780.39827,1,41.13848337,2355.619653,48.34397542,194.2368737
21994.15261,1,36.60937704,3474.648372,44.5565365,190.761812
15908.04156,1,40.62040207,2315.497028,48.98029036,164.5169121
16150.92558,1,23.05581903,2810.041534,47.5899916,278.2336045
22109.84284,1,35.95281519,2357.590937,47.86803751,142.7362503
18440.63855,1,45.31853064,2967.683168,45.01390852,218.2351856
15580.17559,1,33.10610481,2683.820575,46.6509272,171.8961475
18810.97682,1,32.93435353,1747.370905,48.36547061,194.8482384
24705.73428,1,31.806113,2869.544942,46.97107849,143.9684735
19261.25589,1,41.47956428,1695.834497,47.99976654,182.317281
25037.8015,1,23.70034033,3166.320469,52.68431152,280.3361529
14871.1423,1,43.68217457,2298.267285,48.05762371,200.9418384
22160.79681,1,41.93076464,2586.209594,49.08287268,184.1113213
17847.24284,1,48.55136914,2442.962566,50.53110975,167.8747255
16341.73227,1,35.77525687,3166.236163,49.53510401,210.5829255
14714.12549,1,27.45917821,3424.110759,48.81010903,250.65792
18375.47438,1,30.62170084,2420.961935,52.84369272,189.5572713
20981.69259,1,40.94668174,1659.160504,47.96440213,140.5173425
18314.50254,1,44.87328813,2462.256596,48.15595581,215.929795
15524.51499,1,16.78653182,3023.1078,46.38105352,225.436474
21972.00224,1,36.5798746,2886.719492,49.99570636,215.4941106
22587.531,1,37.45838948,2290.593436,47.42275282,205.531182
16663.84948,1,38.71796905,3495.156392,47.58375373,173.2410618
17881.35003,1,40.20393282,2081.832788,49.70159299,179.8902839
14743.08296,1,35.79937191,3390.206335,42.57776502,204.1095373
19025.32186,1,45.65125928,2224.017886,49.65301809,170.0405573
19329.95766,1,42.67465343,2062.015219,43.78342068,145.4336318
11742.11766,1,29.914818,2637.321348,46.30163454,256.7459992
17875.35455,1,41.06723474,2045.240247,45.51067611,152.6125042
15127.2518,1,28.81740324,2141.477662,47.3428024,253.1515595
13363.26235,1,40.92276707,2543.560063,50.79567745,217.7481841
20207.6499,1,41.63744887,2432.487788,47.77493226,143.8529619
14051.44169,1,32.14788724,2263.531233,46.48361574,216.4787107
14334.79282,1,35.31009039,1922.309361,48.6312474,176.024329
17837.36041,1,32.0094793,2189.041841,49.25441192,165.3503757
15990.1008,1,34.12701485,2319.11318,48.10426763,222.7509605
22854.39196,1,40.96610543,3242.773859,46.52661843,164.0455514
15453.71885,1,44.29897475,3000.578325,47.45500197,174.0937489
16854.98063,1,41.8418347,2621.764595,48.50657449,201.3390809
20376.34892,1,37.78232297,1734.271818,47.91814225,211.2279125
14361.21361,1,25.58674047,3082.358735,46.53194624,279.710488
16501.24508,1,44.1865587,2658.726431,49.63972104,158.7225
19809.50227,1,38.2134499,2251.712462,48.02649137,195.4980119
18979.87446,1,32.94335422,2040.025979,41.30659069,155.4234058
19213.84248,1,39.76101993,2476.614263,47.4109871,83.94044859
25649.82366,1,46.2889741,1915.229185,47.70774858,172.5910698
15638.29779,1,27.81653353,2820.229733,48.5681817,253.9969627
18459.7288,1,33.80851556,2465.868911,47.34175905,127.7017056
12586.686,1,42.19622707,1998.907344,49.63140162,168.8679966
22117.36384,1,34.02800564,2783.335513,50.9050768,183.4585158
13476.65816,1,42.08464563,1724.421256,43.54197608,164.8566612
17945.8783,1,24.87249137,2530.384094,47.93926113,248.3517801
17787.32352,1,43.66486014,1726.389545,51.6399324,204.7278651
17423.66373,1,28.59493655,1502.077242,46.92407186,240.2937619
14863.93883,1,37.72437348,2423.630406,51.40542699,123.2119634
20196.70708,1,32.54274857,2515.044016,50.22050872,191.0822593
21301.25594,1,47.12541619,2890.349953,48.84699696,140.5158108
16981.9546,1,45.40943816,1645.775576,47.4931317,117.5065154
19401.28642,1,38.34282571,1990.610662,48.0879122,169.1448982
19251.29106,1,40.72347451,1905.183373,48.2064756,132.7167361
18774.75599,1,37.29329729,2354.509164,45.03730128,155.9259319
27783.6063,1,39.32889581,1826.083236,47.47991762,158.2606579
18027.90547,1,41.38051017,2619.373194,45.19686068,222.9718137
16323.96552,1,38.68631654,2891.856767,46.07646635,170.3542446
23044.06839,1,30.21717474,2321.30546,49.23760996,154.2997172
19212.90795,1,40.1115078,2391.267138,50.38511812,186.9078396
22908.06643,1,37.3291596,2029.897379,45.70549041,165.7914225
19284.61977,1,43.574896,2217.028537,49.94074151,208.6818922
11853.92623,1,38.98806444,2007.113369,51.71715886,179.4069745
20842.6079,1,40.94420106,1890.173887,45.96808791,136.0230708
20815.37283,1,38.99594458,2271.191868,51.31523352,92.53371504
23130.47402,1,40.18766248,2162.345538,46.70247451,223.0305087
23718.03555,1,31.79772201,3025.389074,51.16334335,217.1721383
24941.33407,1,40.17086428,2786.89207,50.24956332,113.329259
18380.76232,1,35.70044738,3173.493213,45.7415312,206.288539
18506.87018,1,44.03788023,1952.698292,49.54443756,146.1968224
16142.79355,1,33.1594288,3086.665427,50.77774734,151.88945
13162.24915,1,41.23374771,2249.434561,48.57768017,195.3176382
20001.82535,1,32.38073812,2073.695663,49.14768547,144.6117369
19896.53744,1,30.71373999,2658.877608,50.57983459,175.2670372
19625.94757,1,34.88966051,2135.20919,48.34619207,130.8390209
16995.89227,1,38.82047003,2212.096263,46.27377702,209.6647437
14309.44478,1,24.98816754,2625.461994,46.80868589,227.4256493
13779.61392,1,38.06576797,2274.209512,50.81967551,194.0107248
14130.54212,1,40.5645912,2363.845605,45.81859003,154.3455429
20964.92564,1,30.53232646,2119.12886,45.42770974,287.7242263
20987.01245,1,44.09602321,1509.838004,49.48578652,182.0505939
16501.49063,1,45.29945009,1500.958656,49.31808534,147.6033597
19157.051,1,27.08550818,2567.608495,48.57209759,231.2483378
18605.38594,1,29.63564921,2901.612421,52.53856234,168.8892945
22966.26655,1,44.66622686,2472.47414,48.84862397,171.9364004
18192.79165,1,29.39619409,2278.728536,48.33766622,234.2373815
23151.81902,1,38.56225389,2939.662661,51.03908812,166.7179317
19083.65123,1,25.97119735,2015.06717,48.96281505,228.4270724
22107.6242,1,25.5926173,4071.59269,44.02984989,188.0837302
19298.97083,1,42.11567676,1806.078313,51.95732159,177.2543722
24903.88776,1,39.36208015,2092.094273,50.06453661,206.2273634
19153.72194,1,40.17429788,2209.342275,49.33564299,187.5910286
10057.53563,1,44.5677461,1393.052012,46.30866406,179.2341219
21021.08614,1,15.99490349,3070.29637,47.88898715,274.4815171
18655.45753,1,32.68676029,2291.143513,47.08128531,203.84514
15358.91184,1,29.95109755,2194.166849,48.45950963,271.9757232
18523.32622,1,36.80867409,1952.711126,48.61702445,228.9465044
12571.45293,1,41.82744747,2723.772497,48.22463665,181.7635635
11885.61604,1,37.36490864,2704.352552,47.53654649,183.7507158
16986.99933,1,25.49991169,2415.997685,47.46469028,274.0269575
17871.13503,1,39.32848657,2699.352602,48.02878651,103.3609026
21823.92341,1,37.92647701,3008.554839,48.08305876,136.9990673
16754.50873,1,47.94375718,2892.510214,45.71193525,203.16238
24279.40378,1,33.42933729,2386.221667,49.60143847,142.3635864
21246.23831,1,37.07202775,1613.758591,44.29713388,184.2825763
24182.67452,1,19.22410342,1928.159362,50.52592889,266.6243042
17473.67911,1,40.55728506,2223.582388,48.74783742,167.0815323
22635.59036,1,45.82348525,1993.704981,47.25723327,154.8839102
13541.0984,1,31.13795308,2713.309719,48.04484902,229.36601
17283.83572,1,19.25312418,2871.276835,47.79086067,234.5925841
22405.82573,1,36.04636079,2369.433076,47.6767563,154.56084
16474.22511,1,40.16814361,1568.98162,47.07949574,170.7309256
19184.24508,1,33.09032287,2199.766453,45.55686392,139.4760601
20754.43551,1,37.46552629,2332.269785,47.98153048,203.391015
22081.06615,1,44.85531451,2163.742875,47.8020176,160.2738947
15542.17306,1,35.35619989,2657.323119,48.48889784,238.4199051
18904.12873,1,34.74323886,2486.160461,46.2735759,206.4745163
22563.56752,1,35.53941568,2738.521037,45.15552044,216.2269143
17961.5062,1,29.82192894,2474.562387,47.70954061,271.7324927
17612.04033,1,22.28482842,2508.316943,49.32276244,282.3455821
16649.9223,1,31.68090401,2053.436728,47.88014148,249.4623923
16958.48765,1,41.54113685,1881.564882,49.76747552,224.8426982
18278.53,1,32.13434255,2598.801831,47.01423751,212.32037
16308.486,1,37.58706315,1071.302291,49.65953235,203.5810526
12626.22928,1,37.56559556,2792.011823,47.72709125,125.218272
15054.43576,1,33.27462742,2498.497666,46.87344674,206.5590529
25650.57916,1,29.9510571,2199.363652,48.81521576,212.818228
9226.336931,1,32.42678328,1934.022397,48.66676226,321.892592
23618.89143,1,39.77820144,2347.662487,48.99556178,202.1569667
21857.13494,1,35.49871494,2316.728133,46.71548619,116.1173215
24571.09526,1,38.97570966,1840.465824,47.44148194,154.9191136
17883.4822,1,40.16374725,2408.038105,52.38183768,207.6427223
19982.83027,1,33.25672686,2522.40279,51.54643295,102.1762316
17370.8903,1,29.66367429,1906.543948,47.56884862,240.6619966
18637.3695,1,27.75969281,2157.109678,50.72280233,268.1718179
32289.8621,1,20.8353647,2407.455184,46.6102003,231.5478585
23486.29187,1,41.45506338,2412.894955,48.73532854,210.877498
19468.61249,1,44.62530736,2043.929451,47.05019221,144.1724139
23013.47779,1,34.12380382,1894.396435,49.72645183,213.4538499
12006.79964,1,43.37355623,1935.733297,48.93817631,200.7394663
15592.56233,1,32.11194438,2372.427477,52.47253631,228.9237775
18843.44962,1,28.14197318,2071.078759,46.2062156,250.761323
20385.42009,1,44.55210917,2439.706569,43.55123697,210.8656873
18919.48772,1,39.15942264,2588.706252,51.40370162,183.4548945
11282.62557,1,33.82703048,2062.356741,48.009749,248.8865344
18270.0516,1,32.58945382,3361.662197,47.34173973,193.739833
23987.55347,1,39.40732643,2169.100582,49.81404197,210.2105564
20325.21472,1,42.47110477,2366.57178,50.41995423,193.3118493
19780.37595,1,33.86977388,2395.839204,47.42624826,148.3603195
14403.25906,1,25.02644446,2172.649852,46.84936306,242.1510069
16938.84362,1,38.3969074,3065.690476,46.05668592,152.3990596
18741.64925,1,39.384369,2647.00225,50.43509091,209.49259
22890.93398,1,44.58893934,2714.183903,46.52427816,154.8088228
18395.09526,1,23.43618609,2423.999057,48.08372447,231.864207
15687.56239,1,38.14565883,1906.146468,43.52368059,169.1917663
14991.98523,1,34.07392666,2756.759528,46.98100405,229.7903092
20615.79991,1,31.4401548,2938.854883,45.35010587,171.5748368
22106.32009,1,47.09700898,1950.20138,49.43097049,157.1203974
28386.47395,1,30.32063226,2803.215521,48.23128787,200.7453751
18201.46775,1,22.97895995,2767.530648,49.11143369,190.4944227
9570.82389,1,34.7632332,2652.38073,49.12762222,241.1949497
15060.1731,1,42.7270903,1966.22468,43.90130356,214.2210488
19957.26475,1,30.4285881,2414.327493,48.41540266,176.1244497
19812.02382,1,41.18040365,2234.500563,49.05734339,155.0740022
16532.7254,1,30.85235156,1877.715934,46.88544197,262.1393427
18378.99987,1,29.87820506,2473.130616,46.96637644,180.879892
22893.95214,1,18.58957314,2365.305335,51.09688889,238.3850011
23644.60573,1,44.17086419,2164.077368,45.5047757,43.96325475
17566.0879,1,32.78100603,2845.351024,47.29510174,194.3622495
18243.42581,1,40.69451749,3101.851249,46.98130314,163.3028382
15834.25029,1,34.08190276,2757.664425,44.31794259,295.4967836
19982.4314,1,37.97746608,2296.759462,48.23339636,164.6880822
16847.69323,1,34.3606737,2856.113813,47.89059705,182.8458448
10183.62417,1,49.65887633,2570.938396,47.98801428,211.3218089
17415.26516,1,25.95125308,2635.305103,44.99795389,244.2220525
12070.37401,1,29.43504153,2055.266735,48.76063694,234.8697338
23742.97841,1,24.24947397,2299.633637,47.78748442,230.8142601
15555.62586,1,30.46063479,1910.395241,46.32786385,200.1104584
21029.73471,1,31.48798719,2836.612641,45.48218375,220.5314567
23118.77862,1,32.80509257,2727.626868,47.70816548,172.6244631
16181.65492,1,23.93203534,3199.249822,45.42021475,256.5137239
21467.69971,1,46.7231022,1643.943659,48.71186414,177.2052371
22713.2397,1,48.86685011,2308.223167,50.27975234,114.3041847
18047.97029,1,50.61716014,1599.05769,45.09357104,119.804324
14160.66452,1,36.18860079,2771.989784,50.82600172,192.9274413
13703.18084,1,34.0166931,2292.131083,47.65146591,188.210174
13712.62667,1,31.36081715,2980.349527,52.88252909,220.6647413
16592.55368,1,40.90011143,1803.021662,50.20936641,152.2384351
17986.36218,1,38.22754015,2597.41647,48.34692408,174.0477586
20514.36631,1,38.00792833,1952.489254,53.11400462,179.2708653
11063.26899,1,26.52371027,2737.776964,44.99860019,243.3820498
20707.27654,1,18.42303395,3520.07311,49.28607588,242.1825763
20585.16017,1,34.7496201,2269.62088,47.46079846,183.3644097
18487.75085,1,48.73997641,1336.637043,47.121923,188.6133508
20018.32012,1,43.57293685,1889.253856,50.60847815,110.0668564
17385.46558,1,40.98355112,2320.971012,47.13967521,179.6407576
19300.79007,1,29.11605358,2591.851296,51.1704011,244.4674821
13949.40026,1,41.35087154,1804.554353,48.34201799,187.0472464
17073.1431,1,49.79292978,1908.536581,48.53052659,207.0266028
17895.4845,1,32.93366685,2914.952434,51.07410235,200.1958085
22177.77941,1,45.79884958,2031.773206,50.2597139,152.3623445
18326.27931,1,37.69141494,2349.529513,48.64444547,210.5059859
21707.37619,1,32.26175048,2590.746801,46.85337558,177.2540928
17574.17403,1,42.80362724,2221.68046,45.36970312,137.9375627
16655.75093,1,41.63388187,1910.783819,46.13052989,147.4575975
16607.1282,1,44.26171959,2121.375986,49.99842068,185.1218304
20221.76494,1,33.1610236,1568.907016,49.22488041,204.6963162
15567.37422,1,37.97277574,2008.393976,49.10754396,162.4894795
20753.66054,1,32.74583004,2906.998642,50.59239347,147.014825
17984.19515,1,44.3081954,1108.606001,51.87069306,180.9191695
15783.83365,1,34.30468076,2765.857289,51.37141715,207.9090081
16324.4625,1,37.74795934,3231.221954,47.087238,209.8669216
21362.04757,1,26.01253915,2909.303312,45.65635767,232.7010696
26002.63195,1,30.6196179,2053.933977,49.80219917,177.5979433
15149.32714,1,47.46109558,1795.755977,46.38112725,171.2359264
14988.37749,1,40.35467945,2765.001583,43.73239086,198.0828954
17768.48452,1,28.9541952,2691.297564,48.74335124,227.3982613
19922.3599,1,43.58506528,2187.242045,48.22217722,135.2616456
16991.13351,1,40.51932971,2509.392608,43.27061616,154.5909767
26046.63652,1,22.64216399,2025.151031,47.00290993,230.1196706
15193.03016,1,41.68273366,2500.008252,49.39301466,193.4853492
11925.38428,1,32.00963811,2604.65155,48.74953612,243.8611011
23752.76581,1,35.79313097,2712.768851,49.19325848,168.771101
17895.19414,1,42.195048,2553.092762,50.16105687,166.9387708
15044.25285,1,44.61161176,2252.261145,46.34504299,200.6149251
20729.69541,1,40.74832182,1817.264622,46.8255669,167.2553146
16619.5427,1,35.06333828,3130.980381,48.74684431,166.6401937
19084.06275,1,32.03468474,2025.165968,47.47315263,122.391401
20694.329,1,34.88340505,2197.795587,48.49090303,218.5535311
14872.33222,1,38.39390195,2662.741463,52.54599644,144.9561959
23022.4267,1,40.37342895,3190.814208,51.69403998,215.1835902
20522.71179,1,30.65241958,2802.81587,44.73041469,146.9954106
21253.42841,1,28.29695707,1726.225616,47.36100078,254.7900392
24561.10075,1,44.02498857,1750.056668,46.07103538,204.237679
15068.12003,1,38.13206588,1680.023533,49.43808469,205.8444905
18519.93258,1,42.30191771,2663.078042,47.20176084,145.1870093
11729.2868,1,27.6430379,2047.086078,48.61541,231.5040218
18076.20905,1,32.17239676,3599.184551,48.7261633,238.9629022
15849.05894,1,32.02071192,2218.011208,50.63088939,181.7131198
20260.4342,1,44.58800675,2183.016711,51.08094149,223.0873189
18787.25761,1,35.55163701,2955.178698,50.57405325,221.3129798
16182.75439,1,46.01492138,1435.512453,47.73126692,149.8487996
23502.04779,1,41.07208239,2181.630394,49.16702,165.4452169
22442.50352,1,40.32343212,2230.766166,49.09352764,197.450526
18053.40007,1,27.19513547,2127.852556,48.16089711,185.0118703
22812.38599,1,44.32725197,2019.614595,46.50669527,219.7098582
23889.91728,1,37.3749334,2273.627843,44.5544816,205.2420867
9358.803062,1,31.62804143,1390.062104,48.94509677,252.9611835
14717.3669,1,38.42687152,2734.859303,47.43103138,206.2789054
24316.06477,1,37.55900387,2430.805597,46.28933844,140.6375495
17084.96272,1,38.414546,2205.031534,47.0914915,192.0512372
15629.32984,1,21.50185907,2108.860166,48.50037251,258.3290647
18933.66901,1,41.03149702,2207.138783,47.96050468,196.3646138
16305.27543,1,42.73215591,2046.255247,46.78438567,134.1789671
9023.4647,1,25.27373707,2834.357676,50.3434415,260.3589569
15491.76983,1,44.35294882,2019.814175,45.35039419,144.7570967
17963.77782,1,32.14148567,2856.156541,50.63805056,201.8388754
13932.47229,1,45.82395622,1961.316388,46.67983673,178.3508147
11634.08237,1,37.58267683,2308.919028,46.99924441,193.7636086
16679.13748,1,39.56829318,2643.680879,44.67236299,190.1005032
23689.9563,1,36.23958246,2524.597008,46.90592228,131.1244658
18311.67079,1,33.89112944,3279.705887,47.09852394,167.89185
19567.39777,1,31.47214488,2668.18425,49.7793846,173.6361192
16764.94012,1,46.05936596,1045.944472,46.2873607,121.7276045
17751.64596,1,36.39312027,2729.834815,46.81518202,114.1049206
22365.97441,1,31.84768834,3069.240757,49.35291589,185.0235502
22736.16283,1,38.29236272,2278.739915,49.37885627,174.5798307
19232.44559,1,45.45890549,1927.144668,46.30862324,143.776314
21474.3311,1,41.27644328,2686.522501,47.29741383,163.4494148
18668.20677,1,36.48215246,2674.073558,48.38401558,182.0237814
16658.60717,1,34.67142717,2679.783005,51.2637245,143.5457157
25336.27258,1,44.3354187,2197.835315,45.74312948,198.3902968
18645.42477,1,27.52055376,2064.790165,49.30535286,223.597623
19720.86512,1,42.12346663,2168.812677,45.63326539,151.7384949
15552.43922,1,40.08792366,2721.412967,47.55563172,169.5554379
17875.36975,1,29.28893347,1635.172922,50.23325564,183.2142423
12142.21518,1,43.96214572,1749.432825,48.40724228,164.8594636
18044.48598,1,37.32920608,3157.122193,49.14515098,188.0196853
17971.3644,1,36.47305067,2568.597631,50.36202724,144.4143242
22679.28137,1,38.00211741,1984.002289,48.87364312,209.5986328
22956.74978,1,43.41745132,2329.355453,48.4835164,155.6924291
18529.30868,1,25.09309173,2365.677171,46.8944028,258.7043108
21592.2447,1,38.95978383,2461.723377,49.28573763,157.4969282
15053.85194,1,39.99075238,3054.796307,51.43684045,176.166303
23806.27802,1,30.8238142,3685.98174,46.38217778,168.8981767
16340.12277,1,40.82000529,1561.736652,48.28962753,199.2838068
15553.74545,1,33.72717162,3235.2714,47.25277945,222.8573387
14553.87331,1,40.94054419,3135.631589,46.82548194,195.5272612
22719.75241,1,42.48574843,2997.681066,47.89320223,211.0899043
22212.05899,1,28.59022399,2804.560716,46.27309546,217.6381335
22859.56491,1,32.64639661,1991.487774,50.02765546,179.8795999
20914.86602,1,38.83631175,1956.446919,49.15365022,147.7645935
19434.73619,1,29.88010807,3023.070413,47.88003403,171.260979
20096.77178,1,37.65867238,2564.219995,47.01447102,233.7675919
20305.98607,1,32.47644452,1889.241909,49.6629516,169.7862917
20814.79288,1,38.781055,1726.732393,46.54886835,151.8302712
15006.87594,1,24.99992394,2383.159847,51.7023921,239.5588122
22654.77165,1,36.74722834,2514.324548,46.25209665,152.8158812
19256.57339,1,32.83900533,2902.637706,48.73845236,142.5483122
17579.57744,1,39.21781833,2508.539668,50.1045904,148.4369667
20435.09297,1,50.4702434,2121.390929,48.19048854,172.8800326
16956.94173,1,35.87475828,2842.895358,46.98253799,141.8440006
18424.23863,1,45.12083651,2512.892444,45.22392242,142.7690419
18882.7036,1,29.44655748,1986.05565,50.26811514,250.9304117
20257.23755,1,41.29728543,2242.492502,46.68254024,187.8337268
12718.4288,1,44.59818169,2814.400646,50.64600755,215.6383688
17008.27237,1,36.64180884,2878.363002,48.30660012,200.3559362
18772.56465,0,34.26688753,2057.228331,65.08298596,258.0196748
27214.58626,0,20.65221334,3280.289113,64.46228707,184.7416788
19273.33833,0,16.34857165,3351.184211,60.18617645,229.6946603
18405.42014,0,24.51091056,2946.76584,65.76517445,215.3206188
23095.59201,0,30.1545026,2392.554001,55.10213548,214.9436699
21294.47043,0,21.59245818,3023.658154,62.55160196,242.2552162
22920.99553,0,26.47125102,2286.572354,67.0693171,212.978556
17718.57291,0,16.11331976,3391.653152,63.93835463,241.7708662
18263.7959,0,41.03295653,3432.201026,69.1468578,204.6741328
21259.62142,0,28.49145101,3600.542742,70.1148402,221.6121975
23286.62651,0,16.75761378,2170.509741,58.25627595,301.4341335
24325.26838,0,33.76905691,2867.954393,73.97444052,215.9660761
25691.08254,0,23.86031179,3070.196616,70.37067872,234.102689
22819.20829,0,41.21653667,2950.479405,69.59725652,224.8107716
21257.67381,0,29.92616228,3481.217309,66.44298152,166.6179518
23559.51394,0,41.08032617,3429.676148,72.56874277,170.2386373
22258.34394,0,19.85649115,3524.150611,67.81511428,213.4547002
22091.37517,0,24.55435813,2722.775395,65.85533254,237.0962661
25501.92334,0,17.05685801,2312.105236,61.94369026,235.0634477
22310.31068,0,23.07754515,3316.359529,67.35757915,165.8211969
25793.90821,0,28.00291523,3059.980886,68.05474609,222.4965665
15721.49897,0,27.29838014,2648.326682,67.85770048,291.1008953
19732.41452,0,30.70117467,3132.010013,65.15443251,209.5950298
22540.58374,0,16.15408743,3638.518883,61.32241434,285.9829572
20541.14295,0,42.10617746,2811.404957,71.13116481,161.3929035
26144.31803,0,29.42255704,2531.863837,67.65865298,205.9467168
18496.80983,0,36.99149812,3389.580099,74.88113142,223.5888271
22011.98121,0,31.70259268,2648.696775,60.26369508,185.1643071
18787.42405,0,29.01730218,2387.922684,64.63675532,260.5738283
26318.0899,0,33.25782759,3050.030908,69.28392463,183.0129275
19168.33952,0,19.67860117,3095.044833,64.70887398,259.697857
20178.17856,0,26.81858128,2739.836493,65.61375094,216.0974639
21644.51313,0,27.86443806,4091.500319,61.22512348,171.5466324
20505.45444,0,24.59449889,3021.841474,68.8900318,246.4512486
20677.04789,0,37.12744226,2746.283812,54.56528361,152.4327803
14487.34976,0,24.86873509,3331.31788,70.44736858,251.5681422
21741.97319,0,27.79434883,2020.671258,65.48053093,295.897863
22072.05834,0,37.57635158,2333.423961,65.12678131,194.2837254
25635.98564,0,38.28116569,2754.32085,62.03737379,196.7126254
19279.2404,0,33.34983833,2605.475304,66.39376194,183.6353893
23899.2442,0,23.87812831,3390.299397,61.28575141,175.2307637
19344.93249,0,34.65762016,2564.754954,71.28055565,138.9499136
19484.46429,0,43.7528788,3011.791419,66.41073167,204.1191887
29069.65433,0,39.18677399,2848.704657,73.76234333,185.9899832
15928.56938,0,38.40753307,1734.718107,70.08878049,208.6331039
16485.46755,0,29.54463692,2720.658808,63.74317094,265.6803765
28555.33177,0,31.63069445,3082.411998,61.45679076,167.4196927
23939.82041,0,27.6337524,2578.275939,66.04263873,179.7093181
17880.78397,0,38.81545027,2589.235447,67.13160647,217.0422758
25100.50118,0,26.48398261,2701.338501,64.21405168,266.7685647
22799.24797,0,36.32566089,2765.158122,71.33705961,187.1127766
24186.32025,0,23.20109905,2563.913656,66.48973521,298.9791226
24696.32893,0,27.1179371,2340.632491,73.04155219,168.6720911
18954.75688,0,30.50932196,2387.928258,68.92052431,111.5026809
24384.46572,0,28.48378598,2617.19251,73.65719497,175.268495
14926.68505,0,25.80105152,2642.22123,59.98314612,269.1409321
20831.81345,0,39.23916966,2105.114159,75.31696425,177.4563848
22326.20821,0,24.82474627,2328.189293,58.35910435,255.6012706
24565.32047,0,30.36384079,2922.952512,55.22597972,165.5900456
27962.19046,0,30.71214539,2677.056777,58.95324663,172.4984184
24089.26566,0,25.90018338,2713.995534,62.9619547,195.5441444
19461.27561,0,25.6239623,3314.624652,67.13434388,222.1830846
22226.57368,0,27.89804351,2448.113068,76.06627279,215.7931914
23275.54828,0,25.27629689,2335.182974,63.55650874,251.4089808
21876.45569,0,37.30885812,2807.999553,67.00808937,179.5898458
25211.42597,0,21.63777464,2752.019383,66.62342654,224.6880249
22531.04223,0,27.07367581,2432.900918,78.80450235,217.6339789
28420.49693,0,25.54935205,2736.334929,67.31580248,189.4444003
20646.22048,0,34.70299881,2788.144734,59.32263386,197.5339287
20986.5749,0,34.97629023,2238.876038,65.45815239,203.3910715
21469.47314,0,26.01141092,2370.773678,65.87144308,245.7621254
20626.50632,0,33.32051611,2234.738757,66.24690373,108.8996773
18217.87445,0,36.32675737,2404.018567,67.84741744,193.4232508
21586.198,0,31.21301163,2405.583448,75.32602979,121.6527176
24677.32611,0,19.96969672,3355.247483,65.61175642,214.6752128
25703.95078,0,31.02563018,2617.251648,69.92960882,188.3310962
25185.6906,0,24.18587059,4009.245021,60.84246926,163.4258459
17718.72263,0,39.52026237,2104.605582,64.50053974,194.884229
20278.44649,0,36.94578515,2443.267586,68.89451002,187.9170164
23258.1541,0,25.45216197,2462.168006,66.53010106,216.2438383
25041.39644,0,20.11902582,3136.979752,72.41685045,225.7527233
19592.46562,0,15.49726918,3637.337779,76.43315579,274.4203466
18243.44404,0,28.40725121,3337.491208,70.96677634,171.3071811
30493.77431,0,18.28798868,2009.721502,71.25309946,225.8856829
23153.31137,0,34.50666124,2893.677668,66.46201939,192.7773488
14961.29376,0,26.85558987,3276.167524,67.91350275,141.6954335
23085.3695,0,25.48467014,3235.25201,62.39956314,221.9022686
26943.27299,0,33.84517011,1885.517039,72.56448571,213.5084424
28050.39208,0,25.5002558,3213.7348,76.90386329,124.524896
16884.1207,0,38.15980855,2843.309446,68.6442334,152.2975803
18578.15418,0,23.46224661,2985.742499,57.15929819,178.2410025
17896.55095,0,24.35881313,2608.019496,65.13938582,292.3336869
21039.45592,0,20.28017699,3584.642213,74.03433117,160.9805789
23052.93786,0,36.91549509,2271.673296,63.97215178,178.1970504
18330.59485,0,32.81385093,3241.792395,73.04769781,141.4313506
14971.09143,0,38.04947917,2694.234241,76.09411814,228.1174184
24810.80685,0,32.75565359,2348.887383,65.71499449,159.0635134
27849.22844,0,24.74023223,3147.935548,70.45835691,184.9687289
21257.56371,0,26.75753472,3161.390977,62.53803772,162.465998
23554.79587,0,28.13853721,3329.61735,58.74441357,189.9326048
21992.82261,0,28.24328286,3278.795326,65.21868778,136.7567934
22052.1471,0,17.42255415,3152.324053,75.60201412,263.7025629
22106.46386,0,33.9209192,1749.281713,69.27128919,214.4193851
22409.19662,0,44.54470461,2671.987651,62.2050538,160.6518541
17588.5675,0,24.11810502,2950.957481,64.32074877,226.694834
19552.26902,0,18.46027781,2897.937772,68.78665392,226.7206959
23768.41303,0,27.809265,2961.577083,67.9047066,191.8803574
23496.76992,0,37.82523311,2395.742652,67.24594746,185.380946
24990.69523,0,27.69905306,3119.738116,61.77515444,218.4027276
15715.20413,0,17.55224188,3335.580248,73.72165282,315.3703669
20824.69168,0,31.53135559,2757.848444,71.99132657,185.2945013
23009.05032,0,26.98993665,2663.866053,56.06714307,177.4713399
23220.4517,0,23.94466885,3150.845917,66.68104745,199.6115991
19901.54652,0,21.1388899,2357.412729,67.53558505,232.9264344
25407.92957,0,13.81189252,3118.896083,63.42048344,252.5921189
19201.10524,0,36.55429702,3180.862578,65.32154734,192.6765027
27213.95962,0,34.82740792,3197.400796,70.09883561,175.4277277
27142.20962,0,29.37434599,1943.419755,61.83346222,189.8123461
23400.8627,0,44.014302,2476.580895,68.23625169,157.9935456
20537.82818,0,25.57178623,2251.440701,49.71294681,235.292366
22559.28362,0,36.12701838,2998.200128,71.60264921,144.2090602
24439.20756,0,26.66752087,2087.377495,64.09681869,250.3829127
25475.89568,0,26.49297186,2788.316244,72.08123637,220.3186509
22645.64971,0,31.90126368,3099.82457,52.31674623,127.6885115
25598.41921,0,31.64067672,2438.332567,66.2585188,207.8845882
17497.0566,0,29.99319469,2474.381665,71.04242961,243.6339754
22523.24265,0,29.39172924,3004.07837,68.51092731,205.9363316
21736.85949,0,26.71009191,2974.703106,56.65202313,196.4656437
19325.71205,0,35.11445062,3052.493891,69.07443326,208.6321402
24147.65936,0,30.72080061,3433.457863,63.69205358,177.423862
28637.84986,0,27.05648798,2715.207867,58.48418604,217.9513365
24168.9238,0,33.91914373,3286.394111,73.39566795,213.9335461
20339.07141,0,23.89683152,3219.664061,62.30776319,245.8176222
17067.04748,0,26.03849629,2894.538095,64.93345035,232.5257502
23211.66909,0,35.25969672,2265.958446,61.49961595,222.3768036
22749.37017,0,15.79492518,3061.727206,67.30018918,237.9284129
22583.11885,0,37.63111143,2706.685823,67.93828025,221.3407733
20473.99668,0,30.7998533,3452.291795,69.92011193,245.4655049
15154.38186,0,22.28620707,2898.408277,60.33125395,299.7477161
23429.32615,0,32.6610316,2490.840525,74.02168829,191.4152766
18853.69823,0,27.55219796,3068.170558,63.35247252,244.9438334
19629.55992,0,20.42630078,2419.01475,68.36420857,235.8791592
26576.10184,0,20.56531783,3938.524125,72.79792071,135.7308218
21779.41528,0,31.1539338,2142.985939,69.19931206,203.332445
29975.03275,0,18.36436365,2560.643232,62.6028816,220.9412694
19281.88028,0,21.16185312,2942.513883,66.3167277,231.0585433
23192.80019,0,29.05780178,2789.606903,67.80767803,240.4505419
19346.18297,0,36.15027487,1978.608601,67.32520627,224.0693855
22200.64268,0,21.26412754,3053.33983,70.39587395,251.6442471
24798.59584,0,24.41447428,2669.138407,66.09404914,167.4928473
17932.7974,0,16.53826464,3804.374817,68.99121479,213.182754
20383.3462,0,24.77574285,2187.522926,67.47164892,295.094387
22514.97052,0,23.03552369,2304.583228,70.00681184,175.9692619
25738.80822,0,28.42507677,3120.838971,66.74531427,182.1125319
23057.51916,0,27.96659611,3138.11667,62.9232683,256.6958776
24285.26253,0,31.88051234,3025.340889,64.31486991,191.4706281
15463.67747,0,27.07804082,3298.805698,68.90981901,231.4751263
24718.4146,0,18.91630662,2565.721018,70.4232192,230.5070045
22344.69907,0,29.55908808,2275.913867,67.81873393,179.3893891
20341.71158,0,36.08910885,2953.879258,69.25862612,159.0827001
16740.24604,0,22.60740658,2381.980625,73.0196194,228.8239898
24380.49477,0,29.947042,2850.658489,66.08523166,216.6879685
25342.39271,0,32.92508868,2193.859685,71.88379747,209.5139077
16007.62793,0,33.94334221,2850.57395,62.58280921,222.1598557
27377.5431,0,24.00808843,2936.620951,76.70901139,262.2047514
21914.70189,0,38.65876176,1914.982977,71.06160848,189.0678611
16917.00528,0,27.64750456,2421.190422,66.16486545,255.1000538
22621.29261,0,20.7832966,3265.727093,67.86080779,167.6048992
22266.15468,0,31.60746719,3357.065738,66.14347775,223.6990094
21725.8618,0,19.13847421,2632.02585,66.0929329,228.7685779
27554.49762,0,26.46359075,3368.625746,66.91443499,204.1587604
31257.92148,0,26.3797881,3037.233904,65.07342026,205.3878539
23291.89949,0,35.48024971,3369.129699,59.79424608,197.0169499
25616.93114,0,40.21335922,2690.22159,65.80246844,159.3431049
26294.28982,0,31.52248009,2381.417696,57.05535664,211.5114389
26251.56014,0,35.09056145,2275.75192,70.7783946,210.6795149
20299.07276,0,24.50963895,2487.300187,66.49116899,211.6154277
25683.8803,0,25.61144764,2520.715933,60.66849143,220.5906253
22473.90669,0,17.20235911,3992.035957,67.87052731,234.0559949
27139.01103,0,31.90189168,2317.976014,68.19668636,168.0458727
22065.2063,0,22.44713846,2918.816991,60.68902252,285.6647625
23459.97783,0,32.08801773,2559.76651,67.71497942,196.124644
23187.10459,0,27.85238303,2327.301564,63.01147212,136.2704402
18019.96407,0,26.02096662,3041.344919,66.14705131,251.5663468
25844.10218,0,22.57510034,2680.835385,73.5121434,200.2299451
19614.94194,0,28.16849091,3102.511647,67.47797734,170.5518358
30661.53147,0,24.717009,3105.15549,58.65751194,205.3264033
22013.96493,0,31.9077591,4234.796199,59.04847164,208.5927608
27643.47773,0,27.92464852,1935.106587,64.15135068,215.0703964
19874.30505,0,22.40199068,2767.265275,68.66215606,248.097441
20371.1405,0,34.43009309,2800.27493,72.52003837,237.0642587
23703.79086,0,18.65420677,3407.222522,60.34411541,237.6307798
16648.25367,0,22.75990735,2717.077885,66.1537922,260.9240527
20161.08277,0,25.51303905,3129.158412,64.31946175,218.5054139
22919.45524,0,43.88241976,2244.281266,62.54302606,181.862353
21040.67578,0,34.40719666,3037.393972,61.36086955,159.3130222
16873.94479,0,28.54583834,1831.457023,64.63845616,253.0574813
26903.26295,0,38.18216122,2117.903437,67.12781848,191.5518432
13687.48011,0,23.21820817,2720.954877,63.87853153,311.2332532
26924.89832,0,28.20608124,2618.995398,60.05377205,213.0784822
22968.48937,0,34.81623916,3160.949101,62.48804757,149.152466
16099.67147,0,39.44219958,3161.311126,68.59138061,219.0020697
20922.89811,0,30.63864894,3325.459149,56.77698426,161.0775771
16364.67713,0,32.45967939,3174.452604,65.77846511,169.7537537
21976.29316,0,27.16261692,2036.486812,57.06260096,258.9205722
24100.60194,0,21.94827614,3765.330419,68.75616961,197.3680037
19600.22602,0,30.17367941,2397.839111,69.22019763,161.1306468
18599.11096,0,29.87333907,2834.493342,67.60189427,216.4824643
23673.06727,0,32.90313539,2197.998337,71.26668365,156.0393873
23641.73403,0,29.11390472,2380.006967,63.50280991,231.6148647
22233.01897,0,24.98197189,2802.599372,61.98643278,225.1399999
20607.77536,0,38.00627685,2690.139106,67.98794579,161.4806752
18953.81475,0,31.0180348,2842.981835,67.59219487,218.1937412
24459.33993,0,38.61696541,1995.323121,68.7644092,199.0938909
23857.70175,0,31.79064006,3441.358568,54.44177953,210.3202144
20311.20704,0,25.0481051,2269.090847,61.72535856,238.3563072
25342.94828,0,24.97763154,3034.331221,66.46671638,153.0858137
20109.34276,0,25.42364482,2940.81426,71.84943708,249.6789167
14412.84401,0,19.94280725,2562.153666,58.20002901,232.308174
19104.37967,0,22.64803436,4146.568726,67.64864422,258.1542381
26818.17076,0,34.53812645,2644.625728,71.89676302,173.1895538
15715.16571,0,37.3438912,2620.67036,56.66739841,176.6970951
20900.51953,0,16.97093583,2964.006524,63.75955617,249.2662978
14940.70271,0,28.07498896,3420.534639,64.75787955,222.3679166
28188.01638,0,29.65298221,2620.568448,59.13367012,206.9768491
25013.08684,0,24.26814208,2359.356013,69.61992858,214.9626111
17199.37798,0,28.55914438,3234.316895,63.12478017,145.7178361
20774.68313,0,27.74495606,2170.964848,69.20233238,199.9590839
18670.48999,0,18.30932177,2595.926862,76.51237417,231.355922
18747.94184,0,24.15298388,3588.534253,64.52520219,232.7741355
25814.2042,0,16.31222566,2440.854225,64.21411189,244.773936
22234.57046,0,23.45888094,2834.317483,61.97105191,286.6292836
18118.75241,0,14.861086,3702.971557,76.18280888,292.9542146
25303.30711,0,32.81143976,1913.809777,66.78297975,136.1250091
19520.38135,0,37.08305076,2732.288186,64.02926003,115.537508
18879.40461,0,39.0762313,2596.618151,65.30073259,133.8098635
22757.15708,0,40.16820115,2245.26064,60.1085481,194.6571559
25256.06262,0,14.84542238,3419.192351,68.47263009,226.3777404
22619.46718,0,38.42221041,2823.929981,59.53759796,121.8112368
22979.3253,0,27.40868208,3274.239283,69.8583584,189.1731161
26725.03067,0,10.98925802,2911.408548,60.79128847,265.4793444
16805.9256,0,31.92807727,1825.404865,64.78691577,224.5090178
19119.07869,0,25.83542266,2475.102686,64.52259646,238.5195989
19420.81353,0,29.48983561,3222.097801,69.47069366,188.295507
19938.09415,0,25.6216216,3730.969781,75.06352596,253.0805323
26847.02108,0,19.62028216,2634.399611,65.64768527,231.0649274
25706.4695,0,23.80134522,3160.948904,70.29743913,266.3688608
21646.19702,0,28.54359954,3130.347963,65.20460633,203.4228027
21533.16111,0,42.21710505,2382.700976,58.65739782,218.6823198
23941.24657,0,23.17143182,3382.784213,77.32550312,223.2123848
22266.03517,0,32.2456478,3170.339615,65.32444303,208.04162
22782.0585,0,29.36107381,1826.117219,73.02204757,245.4925306
26929.22017,0,23.85690891,2954.610901,66.40906658,198.7039071
20146.23419,0,24.15040391,2854.666158,72.28359956,178.0400085
22695.85528,0,31.13683799,2393.598194,70.2773929,199.2899624
19880.53326,0,40.10714492,2148.126871,65.4662962,156.0324024
21337.1017,0,28.75221846,3271.08958,65.3768563,229.2827923
27192.83182,0,35.69858579,2577.196487,66.62611888,211.5394593
21206.398,0,29.01427611,2281.053443,67.1878537,197.6064751
23623.92313,0,29.31005893,3359.758991,55.65341112,124.7400945
25419.12011,0,26.87501206,2836.513088,71.29583354,136.2824631
23265.81907,0,38.18808482,2851.452345,68.76642955,207.2778051
18422.9236,0,44.03620019,2473.085881,61.75119758,156.3099366
26589.23848,0,28.08722965,2205.370225,66.33784051,241.0811267
23667.13605,0,32.98279004,3309.609518,67.24756434,106.1539926
19588.83558,0,36.76572047,1849.985252,62.53565289,216.5740678
25429.63041,0,26.38383271,1783.60259,54.90942121,204.8775502
23129.46768,0,19.17080817,3186.854324,64.00579513,186.7184584
20345.76689,0,28.20775669,3061.573466,74.53773456,182.5139067
21851.33296,0,25.64870197,3108.931051,64.60825138,238.7745038
20928.13495,0,18.38118443,3293.919775,71.90431794,240.9070651
18997.29343,0,15.92222476,3648.453011,64.11730052,260.1904288
21767.44431,0,29.72303574,2669.666959,61.69977977,231.7570925
21074.68553,0,39.97447927,2763.801214,71.13010273,170.9540973
25038.60863,0,30.00429032,2788.291851,61.59424006,247.0517535
25473.8738,0,19.38715708,2531.343338,58.06382663,293.777766
20613.77122,0,25.99101084,2587.030276,62.24997197,171.3494248
23541.99833,0,28.78282633,2182.132147,66.76965296,277.0378011
21248.26172,0,21.09434766,1935.398447,65.2751286,226.5352667
21076.59165,0,22.08889351,3160.923781,61.01184636,140.3021674
19544.47566,0,27.23237253,2023.123241,64.73380913,208.207037
19917.6364,0,42.4832329,1864.000429,55.82168644,214.8378845
16886.36798,0,16.09389183,3372.968098,63.95013487,291.5236952
24132.16479,0,37.50208309,2831.058547,64.04466993,216.4881134
22868.51735,0,29.63306139,2580.986126,65.61035118,197.5503635
18512.97375,0,27.24212212,3867.083616,64.22604991,216.3753284
19623.14545,0,29.17592801,3201.779131,66.1480084,188.3768736
20315.18735,0,24.64358823,2581.372932,70.35409444,197.943284
19222.88706,0,19.14246577,3581.338148,63.83177369,211.790375
21423.84076,0,28.37855182,3219.577991,65.4532813,196.7539683
20533.16743,0,38.10445514,3995.716035,56.75374692,202.3398164
22398.24195,0,34.24525295,2779.314036,58.1780695,182.9400298
20441.22979,0,35.47026818,2632.839388,65.75624636,198.0873187
24541.89657,0,25.37775259,3535.296914,73.20118511,194.6078702
21655.20302,0,25.99406157,2734.136937,64.95057537,267.4764213
20985.86365,0,20.26090678,3040.81946,68.97025269,245.5726136
24506.00928,0,19.53373969,2929.763,69.14549671,196.5157608
18413.51311,0,19.14876371,4281.666385,66.50528946,269.7233086
22765.32108,0,36.75067361,2385.047055,73.95075344,195.9735364
20563.26414,0,30.6288399,2383.706958,70.16268035,214.8018774
26746.97402,0,23.40086385,1817.162991,54.25024132,244.4541381
20165.90295,0,38.94976492,2543.418488,66.40364147,153.1436616
20058.56403,0,14.915726,2962.055059,79.61398698,226.4984947
16346.42727,0,23.60678836,2804.566804,66.72950741,232.6851464
21821.99529,0,40.89689304,2406.441007,66.39279159,199.7107235
20515.77431,0,16.62656294,2588.39558,68.20672444,235.4503993
27648.28423,0,26.17011083,3036.259061,63.96794515,214.2591788
25108.74323,0,24.04778594,2464.258076,62.91411516,201.4312246
20219.92882,0,18.76417716,3998.97201,64.52387393,229.0458207
18842.44649,0,33.23612301,3401.312229,63.94528534,168.332808
20002.12482,0,28.33392835,3069.169935,60.65678662,149.0834847
21165.27447,0,34.11517423,2734.328486,68.00935092,142.8244421
18567.45879,0,18.74680814,2493.756684,73.99488267,264.7346035
12549.68942,0,23.19860631,3221.589069,62.52279368,254.5717076
22642.6417,0,21.93298678,3737.158469,69.54502179,288.9883181
25172.3458,0,36.86332183,1422.118288,67.39146128,210.5389097
21410.83546,0,25.71464305,3235.746871,75.20519383,214.2399874
25899.14082,0,28.09099555,2268.798901,69.47394034,183.6178778
24478.95024,0,18.44899802,1951.080245,63.98269402,236.1442959
22614.54708,0,19.75926931,2428.875951,66.27813824,307.5218885
19683.03703,0,29.95534958,3422.09862,68.72382511,190.200102
22582.87785,0,21.88748671,2695.766642,62.87472601,243.0783388
24457.01624,0,22.15725256,2344.16267,62.96106407,294.0996114
24697.4195,0,23.67155907,2570.673516,65.81422259,224.4640015
16381.16541,0,24.35400223,3333.783056,64.26579334,246.8366062
27974.45025,0,26.01155343,2523.440815,61.45629008,211.5067954
24607.88067,0,28.32155835,2876.68248,68.28155968,275.2689236
26093.22004,0,29.23082912,2805.294253,69.39334481,204.395026
20560.29591,0,40.57622111,2969.560115,76.14502295,127.940114
23387.67591,0,25.61067175,2823.576704,70.59659879,146.0133699
24700.34684,0,33.85200041,1924.203445,70.33078459,166.5625262
22066.2603,0,35.22777441,2761.590584,61.89083813,206.2385965
17493.58927,0,18.96717464,2322.70025,67.40953882,250.7600739
17166.26599,0,29.65631972,2029.419652,69.77961807,228.2987794
24577.97579,0,37.46543113,2449.31337,61.71075429,175.5351217
21025.69274,0,47.33512568,1658.500217,68.02571507,187.3335164
26199.46076,0,25.56590783,3055.976995,67.90147427,270.0587376
19203.47254,0,22.18726035,2948.827865,70.48224157,237.7025125
23850.96938,0,33.68030395,2446.906223,65.71931866,176.332493
18638.80381,0,16.28486371,3518.333639,50.37009773,236.2562355
22883.78364,0,16.55914981,3802.147923,58.4986021,311.2191324
20311.79013,0,14.76075477,1860.227499,69.26570948,228.1073198
21390.05859,0,27.67406234,3005.974844,70.07024326,210.8556657
18220.5234,0,29.52414168,2668.681025,70.32218736,180.5875871
25951.45786,0,30.38598597,1986.546575,61.66327187,145.8808042
17118.99709,0,17.62434994,3057.15912,67.9502163,254.6143987
22172.79332,0,16.92851366,3295.907398,64.73843703,240.2534943
24357.46247,0,23.15085108,3331.519405,66.42478976,195.5739193
18031.32979,0,23.77100191,3109.442051,61.31130724,236.5324389
28169.002,0,21.23121784,2528.221774,60.00664179,261.8096577
21546.76308,0,22.22292659,2157.193637,62.24411135,254.9644199
21123.847,0,30.78054509,2673.162183,67.30428245,213.1629837
23101.24842,0,20.36800303,3012.326626,70.75675321,260.7655871
21698.27044,0,35.77671438,2497.529443,70.19750261,192.1672564
16185.80862,0,33.54732102,1848.362329,64.75653241,210.2467653
22163.52962,0,22.3775164,2374.937342,57.96356464,229.8274889
28794.22142,0,26.9656445,1473.13756,63.22549065,155.1839436
18982.24212,0,29.39949608,3076.106398,63.56400896,198.2541901
26738.97799,0,36.21778226,2436.215708,74.66733774,212.6702648
17133.88977,0,34.95659541,2239.564586,72.14969896,193.1266594
18497.33995,0,36.84667142,3335.889227,55.89470748,203.8544949
21250.64577,0,34.07495065,2701.734906,63.76917082,217.128449
16661.96513,0,24.49715113,3480.039512,62.07879407,238.6355681
18403.93682,0,25.57203966,2340.40169,66.73321471,150.5285706
27240.06079,0,30.71802695,2731.034738,72.09944046,194.393007
17412.20694,0,24.82115985,2798.198189,61.75401201,219.5089924
24166.79251,0,28.16422497,1947.005156,66.73429263,167.6696197
23800.21057,0,29.76972433,3228.28145,56.54452333,174.6461336
23774.65588,0,17.56029629,2750.721558,69.33386889,243.985751
18645.48038,0,32.63684422,2718.060566,60.98719584,152.5041534
18828.02973,0,25.31469586,3354.263428,62.89830222,313.9676083
19866.35534,0,30.05848238,3586.856816,57.37907472,155.7623888
19217.04966,0,43.43320507,3369.396913,59.94806337,159.5511142
18831.59953,0,24.49289938,2447.5794,67.27491388,263.9002586
22806.35768,0,30.66666931,2456.82733,56.95998288,216.6258228
23180.89614,0,21.69185903,3732.587589,65.46814114,256.6769318
22922.23813,0,24.87447657,2687.949565,68.71523987,220.083003
28240.68762,0,18.92713951,2823.5482,63.92376659,236.0509797
24870.23701,0,24.39122658,3215.970258,65.81606277,196.3670765
16564.99798,0,25.59747237,3610.548213,72.67510911,243.1524419
16637.62992,0,27.77881817,2667.887406,59.53876636,253.67999
21298.1808,0,30.07630889,2699.21936,64.04727643,222.6101404
19055.38464,0,27.11772339,3468.248629,65.89222148,225.2185705
15657.78115,0,30.09192108,2416.197184,68.17620545,230.4561688
19769.24628,0,28.57959491,1860.782991,66.49282811,241.2421253
23653.51974,0,32.49433281,2581.431979,57.23135706,126.1069755
23400.38923,0,27.36235371,3290.001194,62.77893918,236.1086416
23201.17584,0,30.53920095,3212.837381,63.15857921,176.3305846
21505.04581,0,30.9421688,3065.270904,61.84681197,209.2252763
21316.23183,0,19.5351609,3620.444626,60.09749129,245.1603827
23268.56907,0,31.60818907,1955.97394,62.81240249,162.7186524
23389.95379,0,34.11433022,2398.083221,65.27746476,195.4574589
17093.84859,0,23.39028787,2924.040633,68.18424607,251.2037447
21911.21625,0,26.32642044,2838.540847,64.74573507,167.9819424
23672.92674,0,31.94176351,2591.330896,56.24810112,196.5529759
19725.95158,0,36.0568133,2380.699235,60.21402151,186.0070197
19494.96861,0,25.84307363,2856.565707,59.63112013,210.2444238
26416.23006,0,30.56925501,2582.647587,56.06548478,179.4564677
17680.98508,0,23.23382376,3728.530051,63.78378022,235.0654514
15128.19917,0,33.27846181,2942.49993,65.15151093,184.3357257
23796.07783,0,20.47329397,3352.819609,59.92863423,236.2881578
26247.94591,0,26.75388082,2988.521024,65.04838108,165.4009263
20807.56535,0,29.49263728,2845.482685,57.0561417,173.2539126
24853.71558,0,31.67882079,2762.587824,61.36964245,158.0264717
25908.95011,0,28.21226888,2694.407876,66.37629614,197.4177593
30972.09238,0,26.15140191,2293.737356,66.64504864,199.2365428
25183.9847,0,35.18384442,2831.512906,72.30454287,177.3965392
26326.88441,0,31.04764636,1705.687478,65.96413036,212.2961201
26551.15584,0,16.66314028,3136.058387,59.46233934,258.1144012
25882.4404,0,37.26591012,2652.086073,70.2652302,207.3583959
21473.09858,0,25.76474325,2776.261095,59.37420817,168.008542
18625.85338,0,41.65260073,2539.501282,66.96236787,182.7558871
15064.49724,0,29.36841748,2940.008311,78.99309898,241.8448731
19098.12518,0,34.81168862,2339.691368,68.52365992,215.9141058
25077.97085,0,24.49903291,1058.233305,68.33181722,232.0281288
21047.26915,0,34.61066912,3098.60329,62.42881975,208.5275145
22115.27197,0,35.30792255,2534.131668,63.4871113,185.0568244
18938.42941,0,31.21428566,1827.19141,64.56194526,222.9062594
23448.50691,0,21.62042751,3129.795052,69.645404,235.401534
26808.40368,0,19.91926144,2874.719143,62.69155453,175.5160842
22913.24445,0,19.96290519,2921.649262,68.51355356,248.1365891
19042.04123,0,27.12909646,3194.816067,69.31018263,211.6084162
16494.26988,0,36.09057427,2876.312776,59.1388259,199.7431439
21138.71961,0,24.86414887,3061.126806,67.75505681,232.9297545
23019.41835,0,33.92609955,2357.582061,66.39407768,156.8002609
19766.02682,0,22.29391479,3022.233912,70.69804942,252.7403379
18811.19279,0,35.29935563,1684.605676,67.37667637,185.2354554
20928.94842,0,33.18049521,3132.628088,65.89304886,136.5971155
18487.94334,0,29.21656758,3101.902157,66.89684469,182.6612743
26609.30249,0,11.0547542,2723.273157,65.39353886,238.8597427
20751.60853,0,27.14835759,3447.011951,67.15146029,224.6349543
22919.68087,0,21.47017787,2026.714412,66.26483086,259.6551761
27649.76887,0,31.4003169,3340.345952,77.78315399,214.4074715
22429.88265,0,26.2859544,2491.412777,58.97808508,261.0739397
19928.34238,0,29.03050532,1932.663597,58.10114858,247.1985053
21080.98445,0,16.08077295,3126.542477,70.66448139,290.7736217
25701.69805,0,27.63467169,2176.007337,61.01772751,272.3520301
19547.16918,0,29.09270203,2897.406524,71.16984739,183.5668663
18037.56597,0,29.84342158,4013.519053,61.9758949,213.7263031
21506.2695,0,30.98328485,3355.120683,73.24220157,152.2024853
24033.4964,0,29.38443642,3169.343429,70.51006184,201.9529698
25135.89793,0,25.80683632,3187.641478,76.06651117,170.4292925
22205.04361,0,21.79220267,2415.125652,68.69636026,227.9632464
21980.48811,0,38.19777138,1979.130548,54.47437501,176.8260547
19332.44624,0,17.91430127,1836.41137,62.76466241,292.3814912
20319.86832,0,32.55027462,1828.448912,67.57792988,228.3505505
20334.0448,0,21.01263207,2440.716893,62.91033441,246.7082976
22125.08244,0,22.11911867,3764.665521,61.34468524,189.3963211
24121.31505,0,31.73119953,2698.380521,59.81296629,185.3091345
18760.93456,0,33.62190943,1422.235392,60.51937938,125.6953592
25073.304,0,23.08187235,3059.774332,67.23619111,269.3062185
20266.55444,0,30.44225011,3501.113774,66.21134587,195.8635499
24318.97429,0,32.70841712,2401.803086,61.92394945,137.977525
23006.54606,0,29.01254623,2615.902052,74.18424252,150.5305537
14364.95574,0,14.40090511,3270.89979,67.67796775,235.9680201
19324.39116,0,27.74207217,2372.01453,67.89677901,198.1681488
20481.79895,0,24.2698405,2053.044627,68.51371958,235.676273
17801.7088,0,27.32488048,2347.390765,69.14497445,250.7366499
26821.47792,0,34.58738815,3015.783581,70.51826519,219.7589949
19181.96414,0,38.54143707,2716.358514,64.8125981,153.5854391
9024.312407,0,34.45124648,2860.329966,67.17947675,219.819483
16127.68806,0,31.24795362,2371.453777,62.78909563,231.5355583
23882.67748,0,13.48120523,3251.95999,76.0709137,239.3772975
24492.86004,0,21.18879324,2953.546705,68.87100438,242.2008526
21492.74358,0,29.7865234,2832.496438,74.07887241,175.9755879
21991.55671,0,27.76065371,2671.039659,67.52390176,223.0002212
20038.25667,0,24.25645123,3586.129345,60.75167267,147.9099422
21699.94539,0,34.25887219,2991.196901,65.54371366,217.5694131
17939.90142,0,28.00728718,2765.836496,62.43037125,229.9818033
22547.84049,0,28.17344937,2671.492509,67.57956961,237.6187997
22225.31755,0,39.09216094,2315.30784,69.78901928,200.4412191
20474.01223,0,29.91308201,2486.168484,62.90616197,167.562844
18437.55336,0,24.81168497,2639.268551,69.77008391,258.8395147
26006.07661,0,30.91201823,3209.699105,71.75916813,175.8329509
25253.65692,0,26.84352487,2607.978106,54.35170543,236.8250357
21275.79467,0,19.87845859,3056.57702,65.40930052,227.5149309
21940.82044,0,13.75256969,2341.636815,61.33047468,235.6022957
24332.03387,0,20.02269422,2527.455467,67.9282744,252.5239482
22936.05003,0,29.344054,1870.024534,62.44463587,254.3015925
23444.55991,0,33.84352638,2384.664325,77.68181543,177.3895651
24319.97159,0,19.93524559,3537.133492,72.15125555,270.0189503
21747.05771,0,36.95848298,2416.374225,76.37659974,187.1055861
22284.72669,0,24.74816122,2950.575564,61.61421472,271.0375095
24198.798,0,28.30523344,2845.412233,67.93214885,170.8605544
14830.35708,0,34.25215372,2730.271314,73.05930529,192.2150869
20281.96551,0,26.85527741,2446.21298,64.27137083,256.6230135
18363.41042,0,28.69601273,2777.329398,60.76489714,216.5944289
19256.99151,0,29.42621543,1840.174724,75.03629168,250.5565826
26446.812,0,37.35099769,2105.696228,66.60127311,176.6897845
28446.9038,0,30.0405448,2198.690074,72.69322466,184.5443209
21921.86189,0,33.12851261,2579.154469,65.67032921,153.3254218
18368.3662,0,32.81080229,3157.474656,56.99145341,217.9383018
26170.96104,0,26.07656693,3036.833069,65.35184117,139.2850455
21661.81062,0,18.2012504,3744.739718,69.0475069,312.0136292
20111.24479,0,32.2287047,2773.724402,59.94370066,214.1713499
23897.67466,0,16.35872164,2902.677523,69.79944825,240.958626
18917.42857,0,16.41557217,4328.003006,66.36457398,236.0379438
14293.46162,0,23.51629475,2725.181447,73.453048,225.7719896
21446.60638,0,27.08073357,2894.165147,67.5123604,212.0177955
20600.85371,0,27.87072633,2796.731409,63.9382749,258.2061176
